minute,hour,people,t_out,pm25_out,co2_ctrl,temp_ctrl,rh,pm25_ctrl,fan,valve,mode,co2_base,temp_base,pm25_base
0,0.0,29.0,7.104525001344032,14.686660344158632,613.58625,20.997802596567354,45.192,7.9840897518132135,15,5,auto,613.6,20.9993658375047,7.984
1,0.016666666666666666,29.0,6.722351476266379,11.504071838359703,627.1035309114583,20.994232529395266,45.38208,7.968191874970822,15,5,auto,627.1320000000001,20.997396287240367,7.968032
2,0.03333333333333333,29.0,6.190884747619856,12.494070212059132,640.5521928482897,20.9887554355336,45.5702592,7.952331843872176,15,5,auto,640.59634,20.993573496851692,7.952095936
3,0.05,29.0,7.340094637259364,15.08461309584216,653.9325841470945,20.98744964839983,45.756556608000004,7.936519363931128,15,5,auto,653.9933583000001,20.993786320843117,7.936191744128
4,0.06666666666666667,29.0,6.813224561915427,11.016318761976201,667.2450513761812,20.984245260274907,45.94099104192001,7.920713647151255,15,5,auto,667.3233915085001,20.992154354686868,7.920319360639744
5,0.08333333333333333,29.0,6.446452671994173,10.394051304007606,680.4899393445424,20.97972748454974,46.123581131500806,7.904935739059367,15,5,auto,680.5867745509576,20.989244398797442,7.904478721918465
6,0.1,29.0,6.313738542624111,11.389158324750756,693.6675911107865,20.974746599497035,46.304345320185796,7.889195467993233,15,5,auto,693.7838406782028,20.985880128300835,7.888669764474628
7,0.11666666666666667,29.0,6.916036316270398,14.817887195382394,706.7783479920226,20.971959508598875,46.483301866983936,7.873507630812329,15,5,auto,706.9149214748118,20.984635674958728,7.872892424945679
8,0.13333333333333333,29.0,6.864785082416397,13.46115148488914,719.8225495727021,20.968997340984288,46.660468848314096,7.857842878143111,15,5,auto,719.9803468674377,20.98321619788483,7.857146640095787
9,0.15,29.0,6.290146890520086,13.727651274859985,732.8005337134128,20.963969993731983,46.835864159830955,7.84221108358906,15,5,auto,732.9804451331005,20.97979045530905,7.841432346815596
10,0.16666666666666666,29.0,7.120840725871931,10.882826945833248,745.7126365596316,20.961961689251837,47.00950551823264,7.826593167586551,15,5,auto,745.915542907435,20.97928413125602,7.825749482121965
11,0.18333333333333332,29.0,7.448598622367262,11.605894646963868,758.5591925504297,20.961144665172714,47.18141046305032,7.811010906163109,15,5,auto,758.7859651928978,20.979926731974906,7.81009798315772
12,0.2,29.0,6.631545651447275,10.369477816713653,771.3405344271355,20.95737898873563,47.35159635841982,7.795452253381884,15,5,auto,771.5920353669334,20.977707398193058,7.794477787191405
13,0.21666666666666667,29.0,6.646120287308291,14.071310473718697,784.0569932419533,20.953679566676723,47.520080394835624,7.779947340216904,15,5,auto,784.3340751900987,20.975546843304958,7.778888831617023
14,0.23333333333333334,29.0,6.468588151066024,10.470456679151464,796.7088983665375,20.949352173937825,47.686879590887266,7.764451431660621,15,5,auto,797.0124048141482,20.97277248788212,7.763331053953789
15,0.25,29.0,6.955177343648781,12.282948036705823,809.296577500524,20.9467982173634,47.85201079497839,7.748997591257524,15,5,auto,809.6273427900775,20.971710904877302,7.747804391845881
16,0.26666666666666666,29.0,7.075595135861818,11.657831847546234,821.8203566800179,20.944688496231475,48.01549068702861,7.733570838380744,15,5,auto,822.1792060761271,20.971074499685745,7.73230878306219
17,0.2833333333333333,29.0,6.481819625382913,10.351060996842655,834.280560286038,20.94044138243553,48.17733578015832,7.718166953187852,15,5,auto,834.6683100457465,20.968362107625683,7.716844165496066
18,0.3,29.0,7.0476684526962545,10.860009580619213,846.6775110529194,20.938253740226845,48.33756242235674,7.702796986006692,15,5,auto,847.0949684955177,20.96763967983343,7.701410477165074
19,0.31666666666666665,29.0,6.719287450552765,12.53208252341906,859.0115300766715,20.934887724505394,48.496186798133174,7.687467976983433,15,5,auto,859.4594936530401,20.965770447030945,7.6860076562107436
20,0.3333333333333333,29.0,7.6321136943671775,12.820814811437364,871.2829368232962,20.934831453321518,48.65322493015184,7.672171390453313,15,5,auto,871.7621961847749,20.96710264839662,7.670635640898322
21,0.35,29.0,6.714654802846911,12.646712244794319,883.4920491370613,20.93146106517168,48.80869268085033,7.656904333136125,15,5,auto,884.003385203851,20.965219080937192,7.655294369616525
22,0.36666666666666664,29.0,7.428151710978668,13.766114353487167,895.6391832487335,20.930680360129653,48.962605754041824,7.641674650724235,15,5,auto,896.1833682778318,20.965839345142335,7.639983780877293
23,0.38333333333333336,29.0,7.53460345575331,13.2296316009149,907.7246537837694,20.93028703231259,49.11497969650141,7.626472149171459,15,5,auto,908.3024514364427,20.96683001952947,7.624703813315538
24,0.4,29.0,6.714894659416599,11.488738160076903,919.7487737704644,20.926933927365504,49.26582989953639,7.611289413828539,15,5,auto,920.3609391792604,20.964948245769076,7.609454405688907
25,0.4166666666666667,29.0,7.708762442619129,11.675608105786614,931.7118546480601,20.927183282876854,49.41517160054103,7.596138185939306,15,5,auto,932.3591344833641,20.96655159545805,7.594235496877529
26,0.43333333333333335,29.0,6.644921292907251,10.82419815719932,943.614206274812,20.923588611438085,49.56301988453562,7.5810120574450535,15,5,auto,944.2973388109473,20.96442588939912,7.579047025883773
27,0.45,29.0,7.6454674885436855,11.48022412262139,955.4561369360141,20.923621398881625,49.70938968569026,7.5659201902553574,15,5,auto,956.1758521168925,20.965809534996126,7.563888931832006
28,0.4666666666666667,29.0,6.420052894628113,14.246197388837176,967.2379533519847,20.919227257660005,49.85429578883336,7.5508754099700015,15,5,auto,967.9949728563081,20.962899386754835,7.548761153968342
29,0.48333333333333334,29.0,7.46368325831558,11.324415175018402,978.9599606860104,20.91861910496237,49.997752830945025,7.535842863909465,15,5,auto,979.7549979920266,20.963652130305295,7.5336636316604055
30,0.5,29.0,6.8913493422468255,13.117575756669392,990.6224625522501,20.915945592944556,50.13977530263558,7.520851341144603,15,5,auto,991.4562230020664,20.96239907054709,7.518596304397085
31,0.5166666666666667,29.0,7.14694072832707,11.370165012247341,1002.2257610235995,20.914205062871122,50.28037754960922,7.505879122804055,15,5,auto,1003.0989418870561,20.962044966349318,7.503559111788291
32,0.5333333333333333,29.0,7.491856814373682,10.202515445339944,1013.3995268147887,20.901133378340457,50.419573774113125,7.491449285809774,35,20,auto,1014.6834471776208,20.962899307817402,7.488551993564714
33,0.55,29.0,6.786371953583606,11.785047898905441,1023.7690814973533,20.85897533973982,50.55737803637199,7.478314893825261,55,35,auto,1026.2100299417327,20.961281462077583,7.473574889577585
34,0.5666666666666667,29.0,7.740025177553484,10.75468639805847,1032.9441736258143,20.78726491950987,50.69380425600827,7.466644418214796,75,50,auto,1037.6789797920242,20.963007065081747,7.4586277397984295
35,0.5833333333333334,29.0,7.581872288768835,15.025042804861823,1040.52443118421,20.666731096060037,50.82886621344819,7.4592709518414795,95,65,auto,1049.090584893064,20.96417309336465,7.443710484318832
36,0.6,29.0,8.228057949934644,12.34585436005105,1046.8656840334547,20.521931662295092,50.96257755131371,7.452400077965089,100,80,auto,1060.4451319685986,20.967596690362644,7.428823063350195
37,0.6166666666666667,29.0,7.00496332645861,8.952550735775894,1052.1658496890748,20.33000547433399,51.09495177580057,7.444425215230556,100,95,auto,1071.7429063087557,20.96672747358898,7.413965417223494
38,0.6333333333333333,29.0,7.098200609897618,12.667717577329944,1057.0662941937962,20.133217084341915,51.22600225804256,7.4398582087519936,100,100,auto,1082.984191777212,20.966187629566058,7.399137486389047
39,0.65,29.0,7.136162089265758,11.757151640301291,1061.8923245412238,19.940771566933,51.35574223546214,7.434558393671032,100,100,auto,1094.169270818326,20.965782540175006,7.384339211416269
40,0.6666666666666666,29.0,6.768630408147383,11.515155012234741,1066.6450707241163,19.745086955495466,51.48418481310752,7.4290719957825475,100,100,auto,1105.2984244642344,20.96409250771291,7.3695705329934365
41,0.6833333333333333,29.0,7.407585233169642,10.196055737018803,1071.3256455760834,19.564843173632436,51.611342964976444,7.422521749058183,100,100,auto,1116.3719323419132,20.964644732252005,7.3548313919274495
42,0.7,29.0,7.380091822736321,10.23049807186439,1075.9351450321503,19.387425273640858,51.73722953532668,7.416012666951956,100,100,auto,1127.3900726802035,20.9650987970687,7.340121729143594
43,0.7166666666666667,29.0,7.467387487937455,12.112554218597401,1080.4746483853658,19.21490457460534,51.86185723997341,7.411050130240613,100,100,auto,1138.3531223168025,20.965856807486738,7.325441485685307
44,0.7333333333333333,29.0,8.092600842986561,13.76928427698191,1084.945218539514,19.05714195557039,51.985238667573675,7.407447446798414,100,100,auto,1149.2613567052185,20.968800411610985,7.310790602713936
45,0.75,4.0,7.524841986669645,12.855317230366744,1076.847902257988,18.843794406145726,51.91538628089794,7.403107254833264,100,100,auto,1147.6150499216924,20.92174655712369,7.296169021508509
46,0.7666666666666667,2.0,7.507981883866483,12.012542668835852,1067.8735452237,18.63408187448356,51.84623241808896,7.398089038053761,100,100,auto,1144.976974672084,20.874798380767288,7.281576683465492
47,0.7833333333333333,3.0,7.353555018818321,12.121120070954158,1059.5354654628957,18.42539212765375,51.77777009390807,7.393169328183616,100,100,auto,1142.8520897987237,20.827474029000467,7.267013530098561
48,0.8,5.0,7.632779059207458,11.198846257580648,1052.324000987348,18.225728785887494,51.709992392968985,7.387507975366759,100,100,auto,1141.73782934973,20.781292596606193,7.252479503038364
49,0.8166666666666667,2.0,7.7506996186431785,13.78452014214661,1043.722043935318,18.031940746293476,51.642892469039296,7.38396479064296,100,100,auto,1139.1291402029813,20.73568552118332,7.237974544032287
50,0.8333333333333334,2.0,7.959386056384276,12.393507776385526,1035.250709194078,17.845598484530154,51.576463544348904,7.379295274805395,100,100,auto,1136.5334945019663,20.690968473056525,7.223498594944223
51,0.85,2.0,7.458717515540303,13.804776557336586,1026.9080132396493,17.65344118660384,51.51069890890542,7.375785020709911,100,100,auto,1133.9508270294564,20.644655594705217,7.209051597754335
52,0.8666666666666667,3.0,7.826918193223307,12.354832862397728,1019.1920026682325,17.471650511226297,51.445591919816366,7.371100351519334,100,100,auto,1131.881072894309,20.59979351380003,7.1946334945588255
53,0.8833333333333333,3.0,8.015194048816756,11.672546717337582,1011.5931611462333,17.29670606667172,51.3811360006182,7.365869114808199,100,100,auto,1129.8216675298374,20.555747415672588,7.180244227569708
54,0.9,5.0,7.636683800401069,9.64681834793721,1005.1097094399387,17.117995654745716,51.317324640612014,7.3589977470843095,100,100,auto,1128.7725591921883,20.51053069301914,7.165883739114569
55,0.9166666666666666,29.0,7.849000522080731,15.344187044323782,1010.7247101484434,16.994519244791412,51.44615139420589,7.3567824225151455,100,100,auto,1139.7286963962274,20.51421533742085,7.15155197163634
56,0.9333333333333333,29.0,7.9124965098730495,10.880813356347323,1016.2544460313744,16.87450182419542,51.573689880263835,7.3509347055901015,100,100,auto,1150.6300529142463,20.51810932152443,7.137248867693067
57,0.95,29.0,6.775765575461009,15.182005333076779,1021.7002118508979,16.73567520359383,51.699952981461195,7.34860335904291,100,100,auto,1161.4769026496751,20.518011118413206,7.1229743699576815
58,0.9666666666666667,29.0,7.409859464556389,10.619410869659731,1027.063282707977,16.611147612421636,51.824953451646586,7.342559005626028,100,100,auto,1172.2695181364268,20.520132587624705,7.108728421217766
59,0.9833333333333333,29.0,7.43421620014537,10.683631036992207,1032.3449143409298,16.489374381294525,51.94870391713012,7.3365790684597325,100,100,auto,1183.0081705457446,20.522331880268524,7.09451096437533
60,1.0,29.0,8.024019172219798,12.026937247651245,1037.5463434194564,16.38076530992664,52.07121687795882,7.331705636969047,100,100,auto,1193.6931296930159,20.52658778579035,7.08032194244658
61,1.0166666666666666,29.0,7.972337676438253,13.474929681871076,1042.668787834198,16.273209398707102,52.19250470917923,7.328021798028485,100,100,auto,1204.3246640445507,20.530647910407616,7.066161298561687
62,1.0333333333333334,29.0,7.365288504168268,11.329430018448356,1047.713446981901,16.156412862158135,52.31257966208744,7.322597141854867,100,100,auto,1214.9030407243279,20.532569152485777,7.052028975964563
63,1.05,29.0,7.773875316292779,13.691457524019178,1052.6815020462498,16.049335917559624,52.431453865466565,7.319107949998136,100,100,auto,1225.4285255207062,20.5359137240591,7.037924918012634
64,1.0666666666666667,29.0,8.074913634764659,9.913428759807918,1057.5741162744364,15.949809105327919,52.5491393268119,7.3125473427172425,100,100,auto,1235.9013828931027,20.540300223746566,7.023849068176609
65,1.0833333333333333,29.0,7.774848461730731,10.930991974154733,1062.3924352495283,15.846572333421372,52.66564793354378,7.306828982232972,100,100,auto,1246.321875978637,20.54362114257951,7.009801370040256
66,1.1,29.0,7.775895336886675,12.981810132744426,1067.137587158702,15.74526480898548,52.78099145420834,7.302793095487779,100,100,auto,1256.6902665987438,20.546934102259584,6.995781767300175
67,1.1166666666666667,29.0,8.423950616599777,9.551074312536793,1071.8106830574031,15.657820496426345,52.895181539666254,7.2959698661440555,100,100,auto,1267.0068152657502,20.552503660059774,6.981790203765575
68,1.1333333333333333,29.0,7.2634120707238425,11.488906403972392,1076.4128171294944,15.55052394055085,53.00822972426959,7.290739257555745,100,100,auto,1277.2717811894215,20.553991839497098,6.967826623358044
69,1.15,29.0,7.78558730536272,11.928376919999863,1080.9450669434539,15.45487261279987,53.12014742702689,7.285877197271744,100,100,auto,1287.4854222834745,20.557302423627625,6.953890970111328
70,1.1666666666666667,29.0,8.019146470364012,10.555039456448325,1085.408493704683,15.365311679164806,53.23094595275663,7.27990584539727,100,100,auto,1297.647995172057,20.5614188777912,6.939983188171105
71,1.1833333333333333,29.0,8.25107807427345,13.896495955792226,1089.8041425039823,15.281698357474315,53.34063649322906,7.2766691044852685,100,100,auto,1307.759755196197,20.56633268497889,6.926103221794763
72,1.2,29.0,7.850715047046473,10.427604132089751,1094.1330425622552,15.192225166231399,53.449230128296776,7.270612332606149,100,100,auto,1317.820956420216,20.569828023246124,6.912251015351174
73,1.2166666666666666,29.0,7.547928545829052,11.631577673785472,1098.396207471495,15.098805678753955,53.556737827013805,7.265548689749206,100,100,auto,1327.8318516381148,20.57225137507516,6.898426513320472
74,1.2333333333333334,29.0,8.34493884189173,12.480526820950159,1102.5946354321131,15.021859142272003,53.663170448743664,7.261186910520112,100,100,auto,1337.7926923799243,20.577455781209018,6.8846296602938315
75,1.25,29.0,8.549410962156198,11.652317575141533,1106.7293094866625,14.95011885093986,53.768538744256226,7.256159017686224,100,100,auto,1347.7037289180248,20.58335762434233,6.8708604009732435
76,1.2666666666666666,29.0,7.350537591418343,13.353072526780933,1110.8011977500132,14.857526597638712,53.872853356813664,7.25252698096897,100,100,auto,1357.5652102734348,20.585042754227093,6.857118680171297
77,1.2833333333333334,29.0,8.02074391091886,12.112035113484266,1114.8112536360316,14.779046117934394,53.97612482324553,7.247890992655056,100,100,auto,1367.3773842220676,20.58906770827551,6.843404442810955
78,1.3,29.0,8.262988625769683,12.32297754446532,1118.7604160808178,14.706499054329345,54.07836357501307,7.243436155335606,100,100,auto,1377.1404973009573,20.59392643148674,6.829717633925332
79,1.3166666666666667,29.0,8.191473772450266,11.825267454743429,1122.6496097625536,14.633971086614583,54.17957993926294,7.238584686136207,100,100,auto,1386.8547948144526,20.59851784718011,6.8160581986574815
80,1.3333333333333333,29.0,7.873750474393785,10.298923722290269,1126.479745318011,14.5569070052885,54.279784139870316,7.232499232389505,100,100,auto,1396.5205208403804,20.601981161375356,6.802426082260166
81,1.35,29.0,8.15356654406241,10.709670750750282,1130.2517195557746,14.486445206755818,54.37898629847161,7.226760632314226,100,100,auto,1406.1379182361786,20.606411710214758,6.788821230095646
82,1.3666666666666667,29.0,8.246449574570963,12.463399612370333,1133.9664156662238,14.419005287560397,54.477196435486896,7.222462473696715,100,100,auto,1415.7072286449977,20.611151842740004,6.775243587635455
83,1.3833333333333333,29.0,8.480756104351308,12.967752279290908,1137.6247034283294,14.357147677671028,54.574424471132026,7.218583865421336,100,100,auto,1425.2286925017727,20.61669545765564,6.7616931004601835
84,1.4,29.0,8.149944718325118,14.265253045228194,1141.2274394133067,14.29031442292313,54.67068022642071,7.215770237208828,100,100,auto,1434.7025490392639,20.621061830067983,6.748169714259263
85,1.4166666666666667,29.0,8.450996123557886,10.459508790044495,1144.7754671851787,14.230287034384872,54.7659734241565,7.209861259452224,100,100,auto,1444.1290362940676,20.626466600095196,6.734673374830745
86,1.4333333333333333,29.0,8.692463985119534,11.657045590557495,1148.2696174982927,14.175837307973463,54.86031368991493,7.204939870377478,100,100,auto,1453.5083911125973,20.63269759094278,6.721204028081083
87,1.45,29.0,7.937164125269067,10.696512949236944,1151.7107084918373,14.108421854093432,54.95371055301578,7.19924566785462,100,100,auto,1462.8408491570344,20.636263223812918,6.707761620024921
88,1.4666666666666666,29.0,8.28408365648974,13.471659530450921,1155.0995458814057,14.048671597437766,55.04617344748562,7.195824084284464,100,100,auto,1472.1266449112493,20.641030595327287,6.694346096784871
89,1.4833333333333334,29.0,8.729764290528841,15.19110847294725,1158.436923147651,13.99827181225995,55.137711713010766,7.1938103763531105,100,100,auto,1481.3660116866931,20.647341163260492,6.680957404591301
90,1.5,29.0,8.869382736556977,13.618301812479235,1161.7236217220754,13.951387364359446,55.22833459588066,7.190519149669831,100,100,auto,1490.5591816282597,20.65411830876703,6.667595489782118
91,1.5166666666666666,29.0,8.14420769439326,14.026914089526965,1164.9604111699996,13.891954540465072,55.31805124992185,7.187567448776773,100,100,auto,1499.7063857201183,20.65833362161672,6.654260298802554
92,1.5333333333333334,29.0,8.720484878711003,10.742996567214334,1168.1480493707516,13.84428235172262,55.40687073742263,7.181945866637689,100,100,auto,1508.8078537915178,20.664551151016546,6.640951778204949
93,1.55,29.0,8.218342258207356,13.509140134544996,1171.2872826951216,13.788202459992588,55.494802030048405,7.178589422421451,100,100,auto,1517.8638145225602,20.668989419891712,6.6276698746485385
94,1.5666666666666667,29.0,8.787319490215884,13.147591166420995,1174.3788461801216,13.74368612505172,55.58185400974792,7.174945095638136,100,100,auto,1526.8744954499475,20.675403575137846,6.614414534899241
95,1.5833333333333333,29.0,8.918616556699737,14.706331589845973,1177.4234637010902,13.70242233803721,55.66803546965044,7.172578142297845,100,100,auto,1535.8401229726978,20.68225482057331,6.601185705829443
96,1.6,29.0,9.192669977063346,12.268086825480708,1180.4218481411847,13.666991919359193,55.75335511495393,7.168229204908085,100,100,auto,1544.7609223578343,20.690041273621024,6.5879833344177845
97,1.6166666666666667,29.0,8.352320623154052,12.270388663616574,1183.3747015583,13.616670500379398,55.8378215638044,7.16389084096492,100,100,auto,1553.637117746045,20.694859251344386,6.574807367748949
98,1.6333333333333333,29.0,8.551962830485277,13.001690884936174,1186.2827153494518,13.570973408486356,55.921443348166356,7.160157029633679,100,100,auto,1562.4689321573148,20.70035911387138,6.561657753013452
99,1.65,29.0,8.427933100732654,12.77265967805586,1189.1465704126638,13.523827162792912,56.004228914684695,7.15624406790468,100,100,auto,1571.2565874965283,20.705405622825392,6.548534437507425
100,1.6666666666666667,4.0,9.18469363647498,10.22067067548788,1179.4669373063973,13.443553192556031,55.89418662553785,7.150259533652601,100,100,auto,1567.5003045590456,20.665083130873164,6.53543736863241
101,1.6833333333333333,5.0,8.734625234545675,13.783160905795937,1170.4342912213742,13.356438025332839,55.78524475928247,7.147189738286315,100,100,auto,1564.2628030362505,20.623326528236017,6.522366493895145
102,1.7,3.0,8.371480423218852,11.414208898769715,1160.5388075398644,13.264216309693731,55.677392311689644,7.142195825319851,100,100,auto,1560.0414890210693,20.580445066868457,6.509321760907355
103,1.7166666666666666,3.0,8.671348006779914,13.769886649070832,1150.7935886105554,13.179248246089827,55.57061838857275,7.139131341309194,100,100,auto,1555.8412815759639,20.538763227158146,6.49630311738554
104,1.7333333333333334,4.0,9.187054344738918,11.174761816739808,1141.6963526353582,13.105392658914836,55.46491220468702,7.133958440106882,100,100,auto,1552.1620751680841,20.499032246069678,6.483310511150768
105,1.75,3.0,8.74621872531652,15.537197039643022,1132.2372598731176,13.024747941143266,55.360263082640145,7.132350461555267,100,100,auto,1548.0012647922438,20.457897398747043,6.470343890128467
106,1.7666666666666666,5.0,8.255760949635054,12.89796294776394,1123.9218051861556,12.936521681800365,55.256660451813744,7.128595211922927,100,100,auto,1544.8612584682826,20.415189921175152,6.4574032023482095
107,1.7833333333333334,4.0,8.965460945709825,12.148502091959607,1115.2326222185138,12.863057058182688,55.154093847295606,7.124236800981418,100,100,auto,1541.2369521759413,20.375115869761025,6.444488395943513
108,1.8,2.0,9.07085563730104,14.250632088388668,1105.6753861033437,12.79290133189638,55.05255290882265,7.121599953525549,100,100,auto,1536.6307674150617,20.335550958947415,6.431599419151627
109,1.8166666666666667,2.0,9.105255454705206,12.985621848638365,1096.263278388441,12.724679883168342,54.952027379734425,7.117937630680351,100,100,auto,1532.0476135779863,20.29624492468257,6.418736220313323
110,1.8333333333333333,29.0,9.096843834926398,11.475400084838935,1100.494095272172,12.705564916275867,55.04450710593708,7.113052081414044,100,100,auto,1540.9873755100964,20.30504702086842,6.405898747872697
111,1.85,29.0,9.117318871231856,14.65668689984578,1104.660666418039,12.687182364442553,55.13606203487771,7.110768462873312,100,100,auto,1549.882438632546,20.313889972344693,6.393086950376952
112,1.8666666666666667,29.0,9.317988595867398,11.137985062150443,1108.7639674094687,12.672852279723912,55.22670141452893,7.105622321183392,100,100,auto,1558.7330264393831,20.32340431752702,6.380300776476198
113,1.8833333333333333,29.0,9.348855946568909,14.207213885446583,1112.804959015473,12.659358347560545,55.31643440038364,7.10298732489213,100,100,auto,1567.5393613071863,20.332993398228666,6.367540174923246
114,1.9,29.0,8.82208828260984,14.7733609804648,1116.7845874156085,12.636368851358958,55.405270056379806,7.100818903633836,100,100,auto,1576.3016645006503,20.340705230323998,6.3548050945734
115,1.9166666666666667,29.0,8.931633882874845,15.664341950653776,1120.7037844215197,12.615831254442,55.49321735581601,7.099380803712286,100,100,auto,1585.020156178147,20.348773480607925,6.342095484384253
116,1.9333333333333333,29.0,9.887472693650881,11.553735164090376,1124.5634676951188,12.613356621067364,55.580285182257846,7.09459619668301,100,100,auto,1593.6950553972563,20.360158927853572,6.329411293415484
117,1.95,29.0,8.44554508306929,13.791443152984316,1128.364540963452,12.5842521076144,55.666482330435265,7.091644476488371,100,100,auto,1602.32658012027,20.366457779396825,6.3167524708286535
118,1.9666666666666666,29.0,10.034476041505762,13.760722687791704,1132.1078942303034,12.58508125039139,55.751817507130916,7.088673628243965,100,100,auto,1610.9149472196686,20.378295843314206,6.304118965886996
119,1.9833333333333334,29.0,9.539323322099355,16.032581755028925,1135.794403984584,12.576734728717987,55.83629933205961,7.087559866121205,100,100,auto,1619.4603724835704,20.388359439489953,6.291510727955222
120,2.0,29.0,9.193014033337684,11.749962831929965,1139.424933405559,12.562135895853451,55.919936338739014,7.082958790177942,100,100,auto,1627.9630706211526,20.397175730568417,6.278927706499312
121,2.0166666666666666,29.0,10.029015706130718,13.773935125550715,1143.000332564956,12.563273172343582,56.002736975351624,7.0800160789961835,100,100,auto,1636.423255268047,20.408887170482885,6.2663698510863135
122,2.033333333333333,29.0,9.619192597232797,13.588775070031193,1146.5214386260066,12.556807681704033,56.08470960559811,7.076928382080439,100,100,auto,1644.8411389917067,20.41912323947651,6.253837111384141
123,2.05,29.0,9.71093193140039,14.654135526280413,1149.9890760394635,12.552158980323416,56.16586250954212,7.074714932041395,100,100,auto,1653.216933296748,20.42964456989824,6.241329437161372
124,2.066666666666667,29.0,9.718921440912052,14.707316787303824,1153.404056736642,12.547744085844306,56.2462038844467,7.072549241781783,100,100,auto,1661.5508486302642,20.440157038946786,6.22884677828705
125,2.0833333333333335,29.0,8.91998932648614,11.398073679714443,1156.7671803195299,12.52863062279618,56.32574184560223,7.067691462592801,100,100,auto,1669.8430943871128,20.447836451953172,6.2163890847304755
126,2.1,29.0,10.247569505008116,16.647922601912292,1160.079234248011,12.534430992117102,56.40448442714621,7.067121053639545,100,100,auto,1678.0938789151774,20.460135517638864,6.203956306561015
127,2.1166666666666667,29.0,9.773338360097574,15.020100666631937,1163.340994024245,12.53135077842474,56.48243958287475,7.0652254120754465,100,100,auto,1686.3034095206015,20.470731727587467,6.191548393947892
128,2.1333333333333333,29.0,9.792371904992999,16.322322050626,1166.5532233742472,12.528679669266253,56.559615187046,7.064394631070324,100,100,auto,1694.4718924729984,20.481357468208383,6.179165297159996
129,2.15,29.0,9.528802174416004,13.83152263116562,1169.7166744267124,12.521181935611523,56.636019035175536,7.061535971359504,100,100,auto,1702.5995330106334,20.49102352468011,6.166806966565677
130,2.1666666666666665,29.0,9.590301990721976,15.127454783363566,1172.8320878891216,12.514960656631066,56.71165884482378,7.059738973684711,100,100,auto,1710.6865353455803,20.500870999311253,6.154473352632546
131,2.183333333333333,29.0,9.889280197538987,14.433575023207823,1175.9001932211756,12.514385568137863,56.78654225637554,7.057380186496992,100,100,auto,1718.7331026688523,20.511730431505047,6.14216440592728
132,2.2,29.0,9.99567627805381,15.721984855729096,1178.9217088055948,12.515789446271308,56.86067683381179,7.056075932302741,100,100,auto,1726.739437155508,20.522924241967967,6.129880077115426
133,2.216666666666667,29.0,9.685733833699231,16.117202748781146,1181.8973421163246,12.511433417438724,56.93407006547367,7.055096316011216,100,100,auto,1734.7057399697305,20.532994075539026,6.117620316961196
134,2.2333333333333334,29.0,10.006360549933836,12.315282550285806,1184.8277898841877,12.513089569389884,57.00672936481893,7.051020798049796,100,100,auto,1742.632211269882,20.544150858199405,6.1053850763272735
135,2.25,29.0,8.938864227535078,14.602626756765085,1187.7137382600204,12.494966400565568,57.07866207117074,7.04881719307032,100,100,auto,1750.5190502135326,20.551532354992077,6.093174306174619
136,2.2666666666666666,29.0,10.856060126091124,14.183021197635442,1190.5558629753311,12.512646634487792,57.149875450459035,7.0462760944748455,100,100,auto,1758.366454962465,20.565598202190923,6.08098795756227
137,2.283333333333333,29.0,10.671524988028699,15.91277073447425,1193.3548295005205,12.526585884028298,57.22037669595444,7.0451495036250975,100,100,auto,1766.1746226876528,20.578968945941355,6.068825981647145
138,2.3,29.0,10.769043879463725,15.83545305570112,1196.111293200698,12.542071356943854,57.2901729289949,7.043962166366937,100,100,auto,1773.9437495742145,20.592634208208683,6.056688329683851
139,2.316666666666667,29.0,9.648154601268843,16.21229443011958,1198.8258994891316,12.536533896963867,57.35927119970495,7.043084259718004,100,100,auto,1781.6740308263434,20.60232852958439,6.044574953024483
140,2.3333333333333335,29.0,10.094310955706362,14.475277597308887,1201.4992839783708,12.539352772550602,57.4276784877079,7.040792761833412,100,100,auto,1789.3656606722116,20.613550468075815,6.032485803118434
141,2.35,29.0,10.032339979789624,14.06356260691373,1204.1320726290696,12.540973035884525,57.49540170283082,7.038170375470934,100,100,auto,1797.0188323688506,20.624516231366812,6.020420831512197
142,2.3666666666666667,29.0,10.192141766391366,16.01315628346484,1206.724881896554,12.545519657398902,57.56244768580251,7.037141791691705,100,100,auto,1804.6337382070062,20.636002920739397,6.008379989849173
143,2.3833333333333333,29.0,10.568486364076886,13.695757663643986,1209.2783188751619,12.556944541472445,57.62882320894449,7.034227014352773,100,100,auto,1812.2105695159712,20.648766612791075,5.996363229869474
144,2.4,29.0,10.16645599622262,13.890122066841682,1211.7929814403908,12.560720503385323,57.694534976855046,7.031476437563716,100,100,auto,1819.7495166683914,20.660078525633082,5.984370503409735
145,2.4166666666666665,29.0,10.185952668680946,13.216508481053488,1214.2694583888886,12.564787298443292,57.7595896270865,7.028182491599077,100,100,auto,1827.2507690850493,20.67141908513375,5.9724017624029155
146,2.433333333333333,29.0,10.517755438547619,16.47096101268832,1216.7083295763166,12.574917209035222,57.82399373081564,7.027546909663254,100,100,auto,1834.714515239624,20.683881262370697,5.96045695887811
147,2.45,29.0,10.57908649908982,13.171882277092934,1219.1101660531208,12.585994340901232,57.88775379350748,7.0242244606623,100,100,auto,1842.140942663426,20.69651448069921,5.9485360449603535
148,2.466666666666667,29.0,10.605931378274018,12.269065372584883,1221.47553019824,12.597363176092628,57.9508762555724,7.020173027970489,100,100,auto,1849.5302379501088,20.70919743984072,5.9366389728704325
149,2.4833333333333334,29.0,10.469811695974753,13.867725988669381,1223.8049758507852,12.606003473710448,58.01336749301668,7.017432310497909,100,100,auto,1856.8825867603582,20.72135958973719,5.924765694924692
150,2.5,29.0,10.900583426054066,15.122668102427012,1226.0990484397178,12.622453202828805,58.07523381808652,7.015719619886298,100,100,auto,1864.1981738265565,20.7349868731643,5.912916163534843
151,2.5166666666666666,29.0,10.382086844367828,15.354474001953749,1228.358285111559,12.629006425197277,58.136481479905655,7.014199233537006,100,100,auto,1871.4771829574238,20.74675172306351,5.901090331207773
152,2.533333333333333,29.0,10.934173184675855,15.166268574685926,1230.5832148561612,12.645652010247632,58.1971166651066,7.012528535390047,100,100,auto,1878.7197970426366,20.76040769817915,5.889288150545358
153,2.55,29.0,11.375806416028658,15.329083922201498,1232.7743586305676,12.670159866754583,58.257145498455536,7.010993842996616,100,100,auto,1885.9261980574233,20.775561593691624,5.877509574244267
154,2.566666666666667,29.0,10.524278793188484,12.353733567421077,1234.9322294809922,12.67846106689361,58.31657404347098,7.007037860439632,100,100,auto,1893.0965670671362,20.78768210388986,5.865754555095778
155,2.5833333333333335,2.0,11.544678566834902,16.90146554146137,1223.5573326629476,12.657486090642523,58.183408303036266,7.006795349234018,100,100,auto,1886.7310842318007,20.755331591510167,5.854023045985587
156,2.6,3.0,10.928975029623937,14.782787338677517,1212.8551657595474,12.625508636013679,58.051574220005904,7.004826992663361,100,100,auto,1880.8974288106417,20.720939343543566,5.842314999893616
157,2.6166666666666667,5.0,10.767491144822323,15.150714361338366,1203.3155132424579,12.591135312426639,57.92105847780584,7.00316236519468,100,100,auto,1876.0929416665886,20.686102274848043,5.830630369893829
158,2.6333333333333333,4.0,11.560809326395683,15.574144286932984,1193.4207221154427,12.572074281685067,57.791847893027786,7.001846083957347,100,100,auto,1870.8124769582555,20.65416374952846,5.818969109154041
159,2.65,2.0,10.409345216227225,11.98815624352175,1182.67618522406,12.532063793974098,57.66392941409751,6.997610519098969,100,100,auto,1864.5584145734642,20.618306884661905,5.807331170935734
160,2.6666666666666665,4.0,10.986777155971524,17.03405091720493,1173.094806115102,12.503475991171051,57.53729011995654,6.99749489510442,100,100,auto,1859.3356225005969,20.58459653061149,5.795716508593862
161,2.683333333333333,3.0,10.979997824779188,16.0699169626566,1163.1589220222431,12.475291645092803,57.41191721875697,6.996593911728227,100,100,auto,1853.638944388094,20.550980435141074,5.784125075576674
162,2.7,4.0,10.982836286461032,13.063052940625425,1153.8739161693127,12.447681220958115,57.2877980465694,6.993244692967503,100,100,auto,1848.4707496661536,20.517491930620693,5.772556825425521
163,2.716666666666667,4.0,11.574822987337686,17.38001140317698,1144.7299048497046,12.431533343636138,57.164920066103704,6.993419694354526,100,100,auto,1843.3283959178227,20.486192589319202,5.761011711774669
164,2.7333333333333334,4.0,11.571371704086499,16.071078395988202,1135.7247470353202,12.41562035330447,57.043270865442665,6.992527807732919,100,100,auto,1838.2117539382336,20.454990716220887,5.74948968835112
165,2.75,4.0,11.292398149870122,17.80131767796121,1126.856334209969,12.394840742540936,56.92283815678824,6.993047529484681,100,100,auto,1833.1206951685424,20.42292164223866,5.737990708974418
166,2.7666666666666666,5.0,11.107904693581936,18.120114888041783,1118.6225898756695,12.371032425635194,56.80360977522036,6.993825972482634,100,100,auto,1828.5550916926998,20.39031908291836,5.726514727556469
167,2.783333333333333,2.0,11.25507096814334,17.0956363749085,1109.0138764738538,12.350387138671595,56.685573677468156,6.993768098324632,100,100,auto,1822.5123162342363,20.35834571451665,5.715061698101357
168,2.8,3.0,11.710284207593668,17.71787330551764,1100.051073164436,12.338545234446654,56.568717940693475,6.994217347784331,100,100,auto,1816.999754653065,20.32807749924242,5.703631574705154
169,2.816666666666667,5.0,12.222400383073499,14.588347148600981,1092.22437168305,12.33639655469625,56.45303076128654,6.9921157144691035,100,100,auto,1812.5147558797998,20.299707629335828,5.692224311555744
170,2.8333333333333335,4.0,11.375479759811068,17.62233959021542,1084.0165201130483,12.318619593990874,56.338500453673674,6.9924904264099705,100,100,auto,1807.5521821004008,20.26847283179249,5.680839862932633
171,2.85,3.0,11.653695372293075,14.524965073920953,1075.4333062891094,12.306318495889466,56.225115449136936,6.990340602284049,100,100,auto,1802.1144211898988,20.238321110684243,5.669478183206768
172,2.8666666666666667,2.0,11.980478608632469,17.714724495287154,1066.4804301565712,12.300290457975212,56.11286429464557,6.990794141038603,100,100,auto,1796.2038490839493,20.20941866192706,5.658139226840354
173,2.8833333333333333,4.0,11.289741651760764,15.61492231922828,1058.6635051060455,12.281595305060245,56.001735651699114,6.989535822794416,100,100,auto,1791.3228298385295,20.178199792391478,5.646822948386673
174,2.9,3.0,11.677423977080121,17.167988516895512,1050.4652815099907,12.270418135492612,55.89171829518212,6.9895454825329635,100,100,auto,1785.9662156893369,20.14844707703789,5.6355293024899
175,2.9166666666666665,3.0,11.651851056249438,16.584185630203923,1042.3915494574317,12.258974644526612,55.7828011122303,6.989079431711027,100,100,auto,1780.6363846108902,20.118708990965132,5.62425824388492
176,2.933333333333333,4.0,12.515871012950319,17.642370793463716,1034.9404185212263,12.26372722734245,55.674973101108,6.989476537938576,100,100,auto,1775.8332026878359,20.09209905804208,5.6130097273971495
177,2.95,2.0,11.815941592719867,15.655043396586212,1026.6024343881263,12.255443193101932,55.56822337009692,6.9882535461488064,100,100,auto,1770.0540366743967,20.06313250691345,5.601783707942356
178,2.966666666666667,5.0,11.684842806645488,21.137186920800307,1019.8910640881585,12.244887085952488,55.462541136395956,6.991499932103087,100,100,auto,1765.8037664910246,20.033808492962514,5.590580140526471
179,2.9833333333333334,4.0,12.837577337810103,18.741030396792418,1012.781607189042,12.255851855611855,55.357915725031994,6.992787401451083,100,100,auto,1761.0747476585695,20.00862168391948,5.579398980245418
180,3.0,5.0,11.904045200437466,18.274539423967507,1006.2801087095047,12.249343432491129,55.25433656778167,6.993692192104747,100,100,auto,1756.8693739202768,19.980255666227293,5.568240182284927
181,3.0166666666666666,2.0,12.14825602887325,16.54459093063132,998.3773366883604,12.247473315524198,55.15179320210385,6.993185585515866,100,100,auto,1751.1850270506754,19.952843667496555,5.557103701920357
182,3.033333333333333,5.0,12.244227243993976,17.403594722139143,992.0945697238335,12.247413263200889,55.050275270082814,6.993379921155467,100,100,auto,1747.029101915422,19.925863510014295,5.545989494516516
183,3.05,3.0,12.458157927841077,19.760770300714405,984.9072077391382,12.251312039496732,54.94977251738199,6.99549452970633,100,100,auto,1741.8939564058448,19.89972654047669,5.534897515527483
184,3.066666666666667,5.0,12.945922937128168,18.689020806373968,978.8289871771735,12.264162341102912,54.85027479220817,6.996731631674333,100,100,auto,1737.7844866238156,19.875388227864967,5.523827720496428
185,3.0833333333333335,29.0,11.974912393635057,17.515744281047006,984.8430655200386,12.306811217074756,54.943772044286085,6.997010256343689,100,100,auto,1745.6955641906966,19.895736562445162,5.512780065055435
186,3.1,29.0,12.85964791209143,16.265372813377393,990.7658189695492,12.365038695932563,55.03633432384323,6.996269502567828,100,100,auto,1753.567086369743,19.919110252168924,5.501754504925324
187,3.1166666666666667,29.0,12.220606630089478,17.852926848504453,996.5986343111227,12.410366702714466,55.12797098060479,6.9968237928466595,100,100,auto,1761.3992509378943,19.940165489491644,5.490750995915473
188,3.1333333333333333,29.0,12.35734077453783,18.119943478268034,1002.3428772715835,12.457385723043199,55.21869127079874,6.997594543650665,100,100,auto,1769.1922546832047,19.961625602989304,5.479769493923642
189,3.15,29.0,11.986738474988847,17.228819683063275,1007.9998928389409,12.496678748954194,55.30850435809076,6.997637652082897,100,100,auto,1776.9462934097887,19.9817134980413,5.468809954935795
190,3.1666666666666665,29.0,12.149502200951806,21.81587095450977,1013.5710055773126,12.53825598281615,55.397419314509854,7.001418271630555,100,100,auto,1784.6615619427398,20.002300758501487,5.4578723350259235
191,3.183333333333333,29.0,12.156492287401232,19.753712151199075,1019.0575199370644,12.579193354450974,55.485445121364755,7.0035110523956785,100,100,auto,1792.338254133026,20.022840428852636,5.446956590355872
192,3.2,29.0,12.413867860489038,17.450484029715216,1024.4607205602424,12.624134832812679,55.57259067015111,7.0037229432039885,100,100,auto,1799.9765628623609,20.04420902486336,5.43606267717516
193,3.216666666666667,29.0,12.850489655648941,18.010509936435543,1029.7818725813647,12.676322397035149,55.6588647634496,7.004390727636157,100,100,auto,1807.5766800480492,20.067031007071108,5.42519055182081
194,3.2333333333333334,29.0,12.652313013995704,17.44575625319797,1035.0222219236477,12.723878223448919,55.744276115815104,7.004597006831639,100,100,auto,1815.138796647809,20.089079494095344,5.4143401707171686
195,3.25,29.0,12.564028236734767,20.060826545979943,1040.182995590733,12.768920998694707,55.82883335465695,7.00693367148507,100,100,auto,1822.6631026645698,20.11074181469458,5.403511490375735
196,3.2666666666666666,29.0,13.32107406751515,14.688722319973259,1045.2654019539848,12.827135830467887,55.91254502111038,7.004888392699115,100,100,auto,1830.149787151247,20.134977977579453,5.392704467394983
197,3.283333333333333,29.0,12.511675349263948,16.18680893177837,1050.2706310354242,12.869299811565615,55.99541957089928,7.004067867635906,100,100,auto,1837.5990382154907,20.156296418380347,5.381919058460193
198,3.3,29.0,12.816838884019404,18.21925291095002,1055.1998547863677,12.91632928440601,56.077465375190286,7.004905049087335,100,100,auto,1845.0110430244133,20.17860831701008,5.371155220343272
199,3.316666666666667,29.0,11.42103326048259,17.658623903224917,1060.054227361834,12.936666307963426,56.15869072143838,7.005283747354751,100,100,auto,1852.3859878092912,20.19595680431223,5.3604129099025855
200,3.3333333333333335,29.0,12.203287880510267,18.544428294374402,1064.834885390784,12.971098807055544,56.239103814224,7.006383454766569,100,100,auto,1859.7240578702447,20.215982463078923,5.34969208408278
201,3.35,29.0,12.649537991006166,19.20237160772384,1069.5429482422571,13.01314993195863,56.31871277608176,7.008017064722588,100,100,auto,1867.0254375808934,20.237499907426667,5.3389926999146144
202,3.3666666666666667,29.0,13.070118801175601,18.35701142477873,1074.1795182874673,13.062203856039144,56.39752564832094,7.008958595457778,100,100,auto,1874.2903103929889,20.260414073554788,5.328314714514785
203,3.3833333333333333,29.0,13.272405228323008,19.65498962053698,1078.7456811579168,13.114092581426394,56.475550391837736,7.010955854994708,100,100,auto,1881.518858841024,20.283956042596476,5.317658085085755
204,3.4,29.0,13.131718494228318,20.758933161098767,1083.2425059995928,13.16241866081323,56.55279488791936,7.013848629564132,100,100,auto,1888.711264546819,20.306923211177185,5.3070227689155836
205,3.4166666666666665,29.0,13.149461505017669,18.849605634078905,1087.6710457233028,13.210178953431011,56.62926693904017,7.015179870229068,100,100,auto,1895.867708224085,20.329872095205626,5.296408723377753
206,3.433333333333333,29.0,13.229518862246804,17.0055078271553,1092.0323372512082,13.258536741744104,56.70497426964977,7.015005850199626,100,100,auto,1902.9883696829645,20.353020858890268,5.285815905930997
207,3.45,29.0,13.10488804295999,20.57653681235526,1096.327401759616,13.303694240816599,56.77992452695327,7.0177419055315164,100,100,auto,1910.0734278345496,20.37565239403451,5.275244274119135
208,3.466666666666667,29.0,13.217216772132218,22.323386219744542,1100.557244918081,13.350094407645937,56.85412528168374,7.021895847529134,100,100,auto,1917.1230606953768,20.39859786935785,5.264693785570897
209,3.4833333333333334,29.0,13.705199072401939,17.961565003745907,1104.7228571248806,13.404663843943922,56.9275840288669,7.0224874050963875,100,100,auto,1924.1374453919,20.423170973568503,5.254164397999755
210,3.5,29.0,12.90343386377878,17.238749621723365,1108.8252137389102,13.443391089310866,57.00030818857823,7.022488818866858,100,100,auto,1931.1167581649404,20.444851893684238,5.243656069203755
211,3.5166666666666666,29.0,13.40508042011362,18.58040463933791,1112.86527530806,13.490682341930718,57.07230510669245,7.023583430194511,100,100,auto,1938.0611743741156,20.468212693526738,5.233168757065347
212,3.533333333333333,29.0,13.115679728383368,20.36679757024594,1116.8439877941228,13.531744793580092,57.14358205562552,7.026131431724692,100,100,auto,1944.970868502245,20.490478828148735,5.222702419551217
213,3.55,29.0,13.630641355941806,18.047495242662418,1120.7622827942862,13.581574379983785,57.214146235069265,7.026784535355263,100,100,auto,1951.8460141597336,20.51446939699601,5.212257014712114
214,3.566666666666667,29.0,13.034702011296753,18.48594010341682,1124.6210777592619,13.619457241163074,57.284004772718575,7.027793584146597,100,100,auto,1958.686784088935,20.53629021114606,5.20183250068269
215,3.5833333333333335,29.0,13.542219384621037,18.601740618374908,1128.4212762081027,13.666028340817046,57.35316472499139,7.0288949708154975,100,100,auto,1965.4933501684902,20.55981096325322,5.191428835681325
216,3.6,29.0,13.61534326576857,19.43509022464676,1132.1637679397575,13.71309066692865,57.421633077741475,7.030673180316171,100,100,auto,1972.2658834176477,20.58350532631202,5.181045978009963
217,3.6166666666666667,29.0,13.311307104142452,19.87844299526119,1135.849429241413,13.753657671017105,57.48941674696406,7.032809083803529,100,100,auto,1979.0045540005594,20.606052632534425,5.170683886053943
218,3.6333333333333333,29.0,14.446422128968127,19.096989871302352,1139.479123093673,13.8144738134892,57.55652257949442,7.034303975901427,100,100,auto,1985.7095312305566,20.632493925771943,5.160342518281834
219,3.65,29.0,13.627841247818967,17.388794020827174,1143.053699372621,13.859021111024301,57.622957353699476,7.0344040149295575,100,100,auto,1992.380983574404,20.655977641399105,5.150021833245271
220,3.6666666666666665,29.0,13.799082596663434,19.917301265095137,1146.5739950488144,13.905912248508624,57.68872778016248,7.0365641190416275,100,100,auto,1999.019078656532,20.67997850874253,5.13972178957878
221,3.683333333333333,29.0,13.4689799966546,21.106773713146364,1150.0408343832582,13.945829001849326,57.75384050236086,7.03968910271796,100,100,auto,2005.6239832632493,20.70274001395022,5.129442345999622
222,3.7,29.0,14.533443224067227,19.891987164343405,1153.4550291204014,14.004699864960356,57.81830209733725,7.041818010350137,100,100,auto,2012.195863346933,20.729147475185627,5.119183461307623
223,3.716666666666667,29.0,14.211449476193986,19.88789673653207,1156.8173786782027,14.056524732768178,57.88211907636388,7.04393932722587,100,100,auto,2018.7348840301984,20.754335532189156,5.108945094385008
224,3.7333333333333334,29.0,14.763462626268284,17.82890589354467,1160.1286703353114,14.117603083797931,57.94529788560024,7.0443787052254185,100,100,auto,2025.2412096100475,20.78136747701843,5.098727204196238
225,3.75,29.0,14.583628389660802,19.855623546736823,1163.3896794154048,14.174224551956394,58.00784490674424,7.0464686040382345,100,100,auto,2031.7150035619973,20.80767539021268,5.0885297497878454
226,3.7666666666666666,29.0,13.897399636441728,18.006975043674977,1166.6011694687263,14.217103291019372,58.0697664576768,7.0470480168657454,100,100,auto,2038.1564285441873,20.83148942507448,5.07835269028827
227,3.783333333333333,29.0,14.425795980956396,20.991255559891282,1169.7638924508678,14.268964105783207,58.131068793100034,7.050057906843778,100,100,auto,2044.5656464014664,20.857069498020063,5.068195984907693
228,3.8,29.0,14.799063270102481,20.19211321608577,1172.8785888988361,14.326770940323113,58.191758105169036,7.0524106240209745,100,100,auto,2050.9428181694593,20.88386647622235,5.058059592937878
229,3.816666666666667,29.0,14.213647880049646,20.74806882916094,1175.9459881044463,14.372678163708056,58.25184052411735,7.0552116366337305,100,100,auto,2057.288104078612,20.908520711135747,5.047943473752003
230,3.8333333333333335,5.0,14.057003525539516,20.0299390789103,1166.9668082850826,14.366838182901938,58.11932211887618,7.057421904461798,100,100,auto,2051.6016635582187,20.88454040098616,5.037847586804499
231,3.85,2.0,13.814334055251447,19.939868358650404,1156.6239789740869,14.356616856540404,57.98812889768742,7.05955436079696,100,100,auto,2044.4436552404275,20.85979467877609,5.02777189163089
232,3.8666666666666667,3.0,14.226309824702112,22.62401708069502,1146.9382074415173,14.354206176451395,57.85824760871054,7.06386963636334,100,100,auto,2037.8214369642253,20.836577481786833,5.017716347847629
233,3.8833333333333333,2.0,13.62998461756907,21.782244981410123,1136.8995161433313,14.340808077612072,57.72966513262344,7.067490393001392,100,100,auto,2030.7323297794042,20.81135440676207,5.0076809151519335
234,3.9,4.0,14.77121289184645,17.94918984651976,1128.0132642315252,14.348770566675407,57.602368481297205,7.067980678016257,100,100,auto,2024.678668130507,20.790213911459865,4.99766555332163
235,3.9166666666666665,3.0,14.417375246034588,19.192727779995494,1118.7619517006021,14.350039753243552,57.476344796484234,7.069483235592072,100,100,auto,2018.1552747898545,20.767908976130876,4.9876702222149865
236,3.933333333333333,3.0,14.74243279579266,20.272238712595037,1109.6511220636671,14.357299024530711,57.35158134851939,7.071862389553373,100,100,auto,2011.6644984159052,20.74681980949969,4.977694881770557
237,3.95,5.0,14.372382088038995,21.333414210497182,1101.6786420619596,14.357578061205615,57.2280655350342,7.0751014467235604,100,100,auto,2006.2061759238256,20.724509277474578,4.9677394920070155
238,3.966666666666667,4.0,15.007812979640397,17.909152610230173,1093.3272256454632,14.369607407196659,57.10578487968385,7.075543886697709,100,100,auto,2000.2751450442065,20.704500840432157,4.957804013023002
239,3.9833333333333334,2.0,14.211680521202034,18.293198120944414,1084.1026270338098,14.366685759805758,56.984727030887015,7.076298367763601,100,100,auto,1993.3737693189855,20.681775969314852,4.947888404996956
240,4.0,29.0,15.343120723396957,19.357000339141415,1088.5181056603335,14.432749806632195,57.05687976057815,7.0779181416747825,100,100,auto,2000.0069004723905,20.71109067595414,4.9379926281869615
241,4.016666666666667,29.0,14.896914188657329,19.330302042725616,1092.8665344262322,14.48933684769966,57.128310962972364,7.07951292187069,100,100,auto,2006.6068659700286,20.7387410582486,4.928116642930587
242,4.033333333333333,29.0,14.651874263839014,18.152146746731717,1097.148931496056,14.540343789898238,57.19902785334264,7.0801445341168785,100,100,auto,2013.1738316401784,20.765437024468163,4.918260409644726
243,4.05,29.0,14.572256453485613,21.437946931144673,1101.3662995733382,14.588934174174604,57.26903757480922,7.083452201807355,100,100,auto,2019.7079624819776,20.79176089246972,4.908423888825436
244,4.066666666666666,29.0,14.43294504692834,21.30051703120113,1105.5196261353726,14.634048375320548,57.338347199061126,7.086641274243979,100,100,auto,2026.2094226695676,20.817505037010324,4.898607041047786
245,4.083333333333333,29.0,14.851340644063226,19.276791626945272,1109.609883664428,14.686068282292288,57.40696372707051,7.088175007095224,100,100,auto,2032.6783755562199,20.844623461635006,4.88880982696569
246,4.1,29.0,14.783001938365002,21.77953136764171,1113.6380298754498,14.735861554929633,57.474894089799804,7.091744941899112,100,100,auto,2039.1149836784389,20.87140778630356,4.8790322073117585
247,4.116666666666666,29.0,14.76420063923144,19.48069865346754,1117.605007940304,14.784385827989217,57.5421451489018,7.093434613881102,100,100,auto,2045.5194087600466,20.898032561288808,4.869274142897135
248,4.133333333333334,29.0,14.755694884537553,20.738632739248942,1121.511746708618,14.831855045535361,57.608723697412785,7.096145889848283,100,100,auto,2051.8918117162466,20.924534379420177,4.859535594611341
249,4.15,29.0,14.739936038139733,21.34298552086844,1125.3591609252649,14.87815454389854,57.674636460438656,7.099344178863368,100,100,auto,2058.232352657665,20.950888285225695,4.849816523422118
250,4.166666666666667,29.0,15.053868119592414,20.131987099560916,1129.148151444548,14.929405245048876,57.73989009583427,7.101549331846024,100,100,auto,2064.541190894377,20.978248714645975,4.840116890375273
251,4.183333333333334,29.0,15.52836569651286,19.216104078033677,1132.8796054411307,14.98848601340096,57.80449119487593,7.103003799468137,100,100,auto,2070.818484939905,21.007174124082507,4.8304366565945225
252,4.2,29.0,15.086956944863577,17.071976093359073,1136.5543966177654,15.038307725633018,57.86844628292717,7.102708290908234,100,100,auto,2077.0643925152053,21.03445336395524,4.820775783281333
253,4.216666666666667,29.0,15.648868958753539,19.04910682286788,1140.1733854098661,15.097603108445748,57.9317618200979,7.10402436877468,100,100,auto,2083.2790705526295,21.063603818537032,4.811134231714771
254,4.233333333333333,29.0,14.938463372498935,22.94138065219888,1143.7374191869756,15.142659023330731,57.99444420189692,7.108509296864849,100,100,auto,2089.462675199866,21.0901658269759,4.801511963251341
255,4.25,29.0,15.245808379326697,20.140242703006205,1147.2473324511734,15.192567286416658,58.05649975987795,7.110702846399494,100,100,auto,2095.615361823867,21.117710575909125,4.791908939324839
256,4.266666666666667,29.0,14.836927091618549,17.60692138943387,1150.7039470324703,15.233987942812893,58.11793476227917,7.110827821098085,100,100,auto,2101.7372850147476,21.143727833714106,4.782325121446189
257,4.283333333333333,29.0,15.152588005822238,17.134632285368298,1154.1080722812364,15.280482043978566,58.17875541465638,7.110567717688411,100,100,auto,2107.8285985896737,21.17075884431648,4.772760471203297
258,4.3,29.0,14.291921217539738,18.859123280811122,1157.4605052577065,15.310193668689447,58.23896786050982,7.111713275296657,100,100,auto,2113.8894555967254,21.19468291262276,4.76321495026089
259,4.316666666666666,29.0,15.746942172469877,18.945447942564556,1160.762030918608,15.366273516009384,58.298578181904716,7.112926880402968,100,100,auto,2119.9200083187416,21.223615820032222,4.7536885203603685
260,4.333333333333333,29.0,15.135958990678853,20.02022591237101,1164.013422300955,15.41001269729077,58.35759240008567,7.115013803311502,100,100,auto,2125.920408277148,21.250309021129485,4.744181143319648
261,4.35,29.0,15.150969748783874,19.680995040359644,1167.2154407030516,15.453220402743392,58.41601647608481,7.116820142034061,100,100,auto,2131.8908062357623,21.276961333676272,4.734692781033009
262,4.366666666666666,29.0,15.41470228102184,19.954994761269845,1170.368835862746,15.500507817491544,58.47385631132396,7.118846127111027,100,100,auto,2137.8313522045833,21.30444342699198,4.725223395470943
263,4.383333333333334,29.0,16.00432368236623,18.421195188774462,1173.4743461329783,15.557828410991725,58.531117748210725,7.119618297603213,100,100,auto,2143.7421954435604,21.333893007885788,4.715772948680001
264,4.4,29.0,14.47988259174247,21.65540114269688,1176.5326986546627,15.585886413335613,58.58780657072862,7.123024202679834,100,100,auto,2149.6234844663427,21.357903971429284,4.70634140278264
265,4.416666666666667,29.0,16.23059477206664,20.293401915407976,1179.5446095269438,15.645813517972137,58.64392850502133,7.12531351879814,100,100,auto,2155.475367044011,21.387958389231514,4.696928719977075
266,4.433333333333334,29.0,14.87606778658109,17.646949091695785,1182.510783974868,15.679573221941402,58.69948921997111,7.1254418873167396,100,100,auto,2161.297990208791,21.413166772122235,4.687534862537121
267,4.45,29.0,15.569935435886341,18.01215460353545,1185.4319165145089,15.725544922899383,58.754494327771404,7.125867573959802,100,100,auto,2167.091500257747,21.440715462445407,4.678159792812047
268,4.466666666666667,29.0,15.416975933850129,20.465621445685205,1188.308691115585,15.767836396601972,58.80894938449369,7.128291530360219,100,100,auto,2172.8560427564585,21.467632374095324,4.668803473226423
269,4.483333333333333,29.0,15.816718536863505,18.452538301890648,1191.1417813616074,15.81674071619681,58.86285989064875,7.129070348878817,100,100,auto,2178.591762542676,21.49585417566501,4.65946586627997
270,4.5,29.0,15.039606805191305,19.669518075280838,1193.9318506075979,15.850363738843209,58.916231291742264,7.130839222909066,100,100,auto,2184.2988037299624,21.52125730986835,4.6501469345474105
271,4.516666666666667,29.0,15.765575771356406,19.6746995145721,1196.6795521354084,15.896795161444702,58.96906897882484,7.132608781104752,100,100,auto,2189.9773097113125,21.549112424483557,4.6408466406783155
272,4.533333333333333,29.0,15.12659154962907,17.85325682089482,1199.3855293066854,15.930546394626113,59.0213782890366,7.132890661692901,100,100,auto,2195.627423162756,21.574633601421564,4.631564947396959
273,4.55,29.0,15.10556014676031,16.824778063162114,1202.05041571351,15.963284149040597,59.073164506146234,7.132333958791351,100,100,auto,2201.249286046942,21.599991844330248,4.622301817502165
274,4.566666666666666,29.0,15.541445192067346,20.450592406549134,1204.6748353267492,16.00348012833659,59.12443286108477,7.134732736538364,100,100,auto,2206.8430396167073,21.626786931047327,4.613057213867161
275,4.583333333333333,29.0,15.660981967893278,17.172583388692765,1207.2594026421577,16.04514391236839,59.175188532473925,7.134455746419037,100,100,auto,2212.4088244186237,21.653906613676288,4.603831099439427
276,4.6,29.0,15.31540738698523,19.982116835018104,1209.8047228242583,16.0796437866488,59.22543664714919,7.136468559754732,100,100,auto,2217.9467802965305,21.679721866382867,4.594623437240548
277,4.616666666666666,29.0,15.939286687847112,17.48627170053758,1212.311391848038,16.125047180320966,59.2751822806777,7.136443695872698,100,100,auto,2223.4570463950477,21.70763034325799,4.585434190366067
278,4.633333333333334,29.0,16.423290799339398,18.940376814190177,1214.7799966384937,16.178564687272807,59.32443045787092,7.1376037081073305,100,100,auto,2228.9397611630725,21.737135154854272,4.576263321985335
279,4.65,29.0,16.363314473668176,20.796679669784435,1217.2111152080572,16.22998255832112,59.37318615329221,7.140273943385014,100,100,auto,2234.3950623572573,21.76632678247012,4.567110795341365
280,4.666666666666667,29.0,15.398543740561887,17.744469413985787,1219.605316791935,16.26260094019257,59.42145429175929,7.140451852057788,100,100,auto,2239.823087045471,21.79203954182344,4.557976573750682
281,4.683333333333334,29.0,16.26871409357083,17.374636414291455,1221.9631619813906,16.31071403353007,59.469239748841694,7.140328059506059,100,100,auto,2245.2239716102436,21.820707902754553,4.54886062060318
282,4.7,29.0,16.286473551786663,20.8737098995741,1224.2852028550064,16.35826558461781,59.516547351353275,7.1430556114533665,100,100,auto,2250.597851752192,21.849338082526163,4.539762899361974
283,4.716666666666667,29.0,15.586887099564091,19.06448771053337,1226.5719831079489,16.391995082644314,59.563381877839745,7.144303527253857,100,100,auto,2255.944862493431,21.875419504085794,4.53068337356325
284,4.733333333333333,29.0,15.5129434542018,19.145599696717294,1228.8240381792725,16.423732627518124,59.609748059061346,7.145615038470749,100,100,auto,2261.265138180964,21.9011508379112,4.5216220068161235
285,4.75,2.0,15.829398205770477,16.522028562392027,1217.541895377291,16.412737440715794,59.463650578470734,7.1447862020372375,100,100,auto,2253.058812490059,21.879899703698708,4.512578762802491
286,4.766666666666667,5.0,15.856291062863956,18.529649492119844,1207.9310740030432,16.402443182725534,59.319014072686024,7.145594862552668,100,100,auto,2246.393518427609,21.858817073455786,4.503553605276886
287,4.783333333333333,4.0,16.27394720836594,18.739453751568554,1197.9661947311452,16.400066007199882,59.175823931959165,7.146572857365879,100,100,auto,2239.2615508354706,21.83927002892797,4.494546498066332
288,4.8,2.0,16.138721543365424,16.71032702470634,1187.1526339963389,16.395231134618946,59.03406569263957,7.145895533671277,100,100,auto,2231.1652430812933,21.8193181092285,4.4855574050702
289,4.816666666666666,2.0,16.04744761915372,16.936595264615878,1176.5032791838019,16.388797139582838,58.893725035713175,7.145403931338066,100,100,auto,2223.109416865887,21.799116562513237,4.476586290260059
290,4.833333333333333,3.0,16.78177462705808,17.532553896703224,1166.515636796196,16.39606722310113,58.754787785356044,7.145398908131963,100,100,auto,2215.5938697815577,21.781555865739143,4.467633117679538
291,4.85,4.0,15.919403615799158,19.04648961012332,1157.1796586078094,16.387248946366046,58.61723990750248,7.146627472220244,100,100,auto,2208.61590043265,21.761038332864352,4.458697851444179
292,4.866666666666666,2.0,16.46588149960124,18.128228079650853,1146.9854489770983,16.3887036486009,58.48106750842746,7.147105366081445,100,100,auto,2200.672820930487,21.74250528394793,4.4497804557412906
293,4.883333333333334,5.0,16.101482663391515,16.389339643156923,1138.446040307446,16.383390060374527,58.34625683334318,7.146165432095558,100,100,auto,2194.2694568258344,21.722761704775984,4.440880894829808
294,4.9,3.0,16.12989251935666,15.503234179345808,1129.0363041398145,16.378700355865696,58.21279426500975,7.144505366118241,100,100,auto,2186.8981095417053,21.703186662627015,4.431999133040149
295,4.916666666666667,29.0,16.938356896327697,17.36194965985038,1132.7694565584322,16.437054001864244,58.27266632235965,7.14436312918292,100,100,auto,2192.563618993997,21.734509758444965,4.423135134774069
296,4.933333333333334,29.0,16.149190235669288,17.369799826108853,1136.4459203662486,16.479728522189635,58.331939659136054,7.144227573153235,100,100,auto,2198.200800899027,21.762961140115248,4.41428886450452
297,4.95,29.0,15.985589950435797,18.636055563011965,1140.0665563903167,16.518586958612186,58.390620262544694,7.1451240521693835,100,100,auto,2203.8097968945317,21.79074034095137,4.4054602867755115
298,4.966666666666667,29.0,15.55429424470083,17.95085059972791,1143.632212385871,16.548747543404822,58.44871405991925,7.1454604230722305,100,100,auto,2209.390747910059,21.81691277961449,4.39664936620196
299,4.983333333333333,29.0,16.276352856955487,16.883349829278767,1147.1437232348264,16.591708241705508,58.506226919320056,7.144926305790684,100,100,auto,2214.9437941705087,21.84552081988518,4.387856067469556
300,5.0,29.0,15.74830695145023,20.039641749676985,1150.6019111412606,16.624105317835784,58.56316465012686,7.146965050160321,100,100,auto,2220.4690751996563,21.872180571345655,4.379080355334617
301,5.016666666666667,29.0,16.42119338472974,16.821805537019863,1154.0075858239304,16.66835144707332,58.61953300362559,7.146377776423498,100,100,auto,2225.966729823658,21.901102116192497,4.370322194623948
302,5.033333333333333,29.0,17.69960624286846,16.469184410138382,1157.3615447058633,16.73542966079553,58.67533767358933,7.145504356315949,100,100,auto,2231.43689617454,21.934396880635862,4.3615815502347
303,5.05,29.0,16.125497477972445,16.07274147807717,1160.6645731010706,16.7721459154133,58.730584296853436,7.144309655474343,100,100,auto,2236.879711693667,21.96206573272654,4.35285838713423
304,5.066666666666666,29.0,16.88106272665806,17.288596625609163,1163.9174443984248,16.82216087642133,58.7852784538849,7.144108040821298,100,100,auto,2242.2953131351987,21.992282222205297,4.3441526703599616
305,5.083333333333333,29.0,16.764529090084853,16.93198925183824,1167.120920242745,16.8690946883741,58.83942566934605,7.143616260426338,100,100,auto,2247.6838365695226,22.021985086242875,4.3354643650192415
306,5.1,29.0,16.241590645886614,15.9565990775776,1170.2757507131328,16.90548586358808,58.89303141265259,7.142330701227956,100,100,auto,2253.045417386675,22.049753705701626,4.326793436289203
307,5.116666666666666,29.0,17.121527340268248,16.09979331071131,1173.3826744986,16.95748263090666,58.946101098526064,7.141164389930523,100,100,auto,2258.3801902997416,22.080504913422608,4.3181398494166245
308,5.133333333333334,29.0,16.91793944950045,17.211515804203245,1176.4424190710286,17.004751082050642,58.99864008754081,7.140906259213347,100,100,auto,2263.688289348243,22.110435934298877,4.3095035697177915
309,5.15,29.0,16.462927758639424,14.20480519998404,1179.4557008555055,17.04272735056753,59.0506536866654,7.138198732413426,100,100,auto,2268.969847901502,22.13866965568407,4.300884562578356
310,5.166666666666667,29.0,17.06784753280225,15.823058975172767,1182.42322539807,17.09119207393887,59.102147149798746,7.136815197817258,100,100,auto,2274.2249986619945,22.16892177825398,4.292282793453199
311,5.183333333333334,29.0,16.240655652244378,16.141647108796374,1185.3456875309141,17.123457150137522,59.15312567830076,7.135694020621384,100,100,auto,2279.4538736686845,22.196172846812946,4.283698227866293
312,5.2,29.0,15.827318526643952,15.651836621976962,1188.2237715350743,17.147478585602887,59.20359442151776,7.134175980938789,100,100,auto,2284.6566043003413,22.221881856692352,4.275130831410561
313,5.216666666666667,29.0,16.77235803384392,15.171843046526435,1191.0581513006528,17.188538855395343,59.253558477302576,7.132269871459266,100,100,auto,2289.83332127884,22.250808523312383,4.26658056974774
314,5.233333333333333,29.0,17.204488898472086,14.191357690344532,1193.849490484606,17.23683393119226,59.30302289252955,7.129568660204776,100,100,auto,2294.9841546724456,22.28114640462544,4.2580474086082445
315,5.25,29.0,17.018894213178516,14.301080920397204,1196.598442666136,17.280802046409,59.35199266360425,7.126962255486172,100,100,auto,2300.1092338990834,22.310728521955372,4.249531313791028
316,5.266666666666667,29.0,15.795899491382146,18.802787345774313,1199.3056514997243,17.301331349141,59.400472736968204,7.1280291206643485,100,100,auto,2305.208687729588,22.335926620348364,4.241032251163446
317,5.283333333333333,29.0,16.79496158527566,17.06223440104882,1201.9717508658396,17.33996350850949,59.44846800959852,7.127675623786837,100,100,auto,2310.28264429094,22.364533242725606,4.232550186661119
318,5.3,29.0,16.337050654922287,15.221480290871835,1204.5973650193582,17.369409620718127,59.495983329502536,7.125822960183678,100,100,auto,2315.331231069485,22.391437053668295,4.224085086287797
319,5.316666666666666,29.0,16.64809825301811,17.290685546934824,1207.183108735731,17.404065360415675,59.54302349620751,7.125660021005257,100,100,auto,2320.3545749141376,22.41933536786602,4.215636916115222
320,5.333333333333333,29.0,16.394821453976046,15.385680048390377,1209.729587454929,17.43339434814654,59.58959326124543,7.123945181002676,100,100,auto,2325.352802039567,22.446249569167403,4.207205642282991
321,5.35,29.0,16.534737062586434,16.45976500579543,1212.237397423206,17.464769188363675,59.63569732863298,7.123108951015763,100,100,auto,2330.326038029369,22.47355927539437,4.198791230998426
322,5.366666666666666,29.0,16.84242475677032,12.776742055226222,1214.7071258327055,17.501255816379196,59.68134035534665,7.1192734118253975,100,100,auto,2335.2744078392225,22.501850304579182,4.190393648536428
323,5.383333333333334,29.0,16.783246921139607,12.993652084507772,1217.1393509589495,17.53597265181726,59.72652695179318,7.115622285218753,100,100,auto,2340.1980358000264,22.529835192737142,4.182012861239356
324,5.4,29.0,16.442183307069588,16.51743543928038,1219.5346422962396,17.56373754893943,59.77126168227525,7.114849691746988,100,100,auto,2345.097045621026,22.556528411137304,4.173648835516877
325,5.416666666666667,29.0,17.286762764254302,16.58046841997002,1221.8935606910004,17.606613515422755,59.8155490654525,7.114130003668655,100,100,auto,2349.971560392921,22.58608423137321,4.165301537845843
326,5.433333333333334,29.0,16.49296676033361,12.457390668194659,1224.2166584731,17.634011050453605,59.85939357479798,7.110052210131698,100,100,auto,2354.8217025909566,22.612758320224568,4.156970934770151
327,5.45,29.0,16.79802076900703,13.783933117990705,1226.5044795851752,17.66654523024684,59.902799639049995,7.10706345862239,100,100,auto,2359.647594078002,22.640406738795306,4.148656992900611
328,5.466666666666667,29.0,17.02691236601909,14.806809902268913,1228.7575597099928,17.702712022258623,59.945771642659494,7.104914139773661,100,100,auto,2364.449356107612,22.668759508490588,4.14035967891481
329,5.483333333333333,29.0,16.454551154514494,14.553501684512,1230.9764263958782,17.727621046205357,59.9883139262329,7.102562720274086,100,100,auto,2369.227109327074,22.69500977925167,4.1320789595569805
330,5.5,29.0,17.252742870093538,14.610149708342542,1233.161599180237,17.766835799947287,60.03043078697057,7.100262161262558,100,100,auto,2373.9809737804385,22.723961845069613,4.123814801637867
331,5.516666666666667,29.0,16.9666992800562,14.033928499547812,1235.3135897112038,17.8000332743293,60.07212647910087,7.097496689791517,100,100,auto,2378.711068911536,22.751811426092065,4.1155671720345905
332,5.533333333333333,29.0,16.809267032399557,15.595921695679868,1237.4329018674412,17.8297040988536,60.11340521430986,7.096009484460266,100,100,auto,2383.4175135669784,22.77901252071414,4.107336037690521
333,5.55,29.0,17.00104355321862,13.083839569690948,1239.5200318761208,17.86237387875935,60.15427116216676,7.09247837180739,100,100,auto,2388.1004259991437,22.806789629327906,4.09912136561514
334,5.566666666666666,29.0,16.50258916285575,14.56986271704787,1241.575468429113,17.88521786151513,60.19472845054509,7.090165155055444,100,100,auto,2392.7599238691478,22.832724927695253,4.09092312288391
335,5.583333333333333,29.0,17.730121226045775,17.145369047245932,1243.5996927974118,17.930348573758945,60.23478116603964,7.089955125450497,100,100,auto,2397.396124249802,22.86286581473948,4.082741276638142
336,5.6,29.0,15.903622978323945,11.350473406237743,1245.5931789438214,17.940854150243396,60.27443335437924,7.08502374908616,100,100,auto,2402.009143628553,22.88650846481202,4.074575794084866
337,5.616666666666666,29.0,16.95054458786297,14.142839552636863,1247.5563936339338,17.970533423339354,60.31368902083545,7.082377496779025,100,100,auto,2406.5990979104104,22.9137325912427,4.066426642496696
338,5.633333333333334,29.0,16.93170251691068,15.937277838687931,1249.4897965454186,17.99931505157042,60.352552130627096,7.081198671876249,100,100,auto,2411.1661024208584,22.940795485982534,4.058293789211702
339,5.65,29.0,17.00727063321897,14.999257086470923,1251.393840375655,18.028962229830917,60.391026609320825,7.07925789141777,100,100,auto,2415.710271908754,22.96802814899786,4.050177201633279
340,5.666666666666667,2.0,17.097275190889356,16.21509350120688,1239.7689709477283,18.0117260196105,60.23711634322762,7.078311674043325,100,100,auto,2406.73172054921,22.94748051364448,4.042076847230012
341,5.683333333333334,2.0,16.61767198893922,11.598582674109776,1228.3206273148185,17.98593602004308,60.08474517979534,7.073605747688958,100,100,auto,2397.798061946464,22.92532618380801,4.033992693535552
342,5.7,2.0,16.818554274862752,14.959370132278238,1217.046128900038,17.964339457757244,59.93389772799739,7.071647652597658,100,100,auto,2388.9090716367314,22.9039524821267,4.025924708148481
343,5.716666666666667,2.0,16.9594089525416,13.942357923366878,1205.9428358315558,17.945748243410755,59.784558750717416,7.068864797081873,100,100,auto,2380.064526278548,22.883146579773154,4.017872858732184
344,5.733333333333333,2.0,16.75469258830122,15.405000416160728,1195.008148324484,17.923713713791226,59.63671316321024,7.067279290049026,100,100,auto,2371.264203647155,22.861696990803,4.0098371130147195
345,5.75,2.0,17.604706841841757,14.406519798807784,1184.2395060721492,17.91781208666016,59.490346031578135,7.064883377230919,100,100,auto,2362.5078826289196,22.843297525281635,4.00181743878869
346,5.766666666666667,2.0,17.52375011526968,12.89211583358844,1173.6343876466092,17.910521940189437,59.34544257126235,7.061258297451974,100,100,auto,2353.795343215775,22.824679109346594,3.9938138039111126
347,5.783333333333333,2.0,16.69455943024177,14.260788513407606,1163.1903099082717,17.888026633755405,59.20198814554973,7.058755682608735,100,100,auto,2345.1263664996964,22.80322369046973,3.9858261763032905
348,5.8,2.0,17.055752196193072,15.105897527395529,1152.9048274244794,17.872629556660502,59.05996826409423,7.056946680339914,100,100,auto,2336.500734667198,22.78310754023976,3.977854523950684
349,5.816666666666666,2.0,16.86245762774147,11.353323250670222,1142.7755318969225,17.8539413759755,58.91936858145329,7.052083642961262,100,100,auto,2327.918230993862,22.76238526554602,3.9698988149027827
350,5.833333333333333,2.0,16.67000630425595,14.16032633712372,1132.8000515977471,17.832038577148687,58.78017489563876,7.0495175193574395,100,100,auto,2319.3786398388925,22.741061939181503,3.961959017272977
351,5.85,2.0,16.983722387876668,14.713486394115321,1122.9760508142258,17.816344727647156,58.642373146682374,7.047407251010226,100,100,auto,2310.881746639698,22.720911250751936,3.954035099238431
352,5.866666666666666,2.0,16.83034215720426,15.726779382570902,1113.3012293018617,17.798103680093963,58.505949415215554,7.046126849338448,100,100,auto,2302.4273379065,22.70029425892452,3.946127029039954
353,5.883333333333334,2.0,17.46044368043598,11.783674299000921,1103.7733217457965,17.79185697010029,58.3708899210634,7.0416361080315495,100,100,auto,2294.0152012169674,22.681954781899808,3.9382347749818742
354,5.9,2.0,16.90270132814005,14.011665954902032,1094.3900972303973,17.775407590724026,58.23718102185277,7.038969748815776,100,100,auto,2285.6451252108827,22.66172739481165,3.9303583054319104
355,5.916666666666667,2.0,17.094579693006224,13.676572993135949,1085.1493587168986,17.76281227461625,58.10480921163424,7.036035683608849,100,100,auto,2277.316899584828,22.64224237785533,3.9224975888210465
356,5.933333333333334,2.0,17.247152822939363,14.021139766778115,1076.0489425289754,17.753272574760224,57.973761119517896,7.033388244644191,100,100,auto,2269.030315086904,22.62335956441312,3.9146525936434045
357,5.95,2.0,17.232141700020062,13.326070374225402,1067.086717846128,17.743631653577534,57.844023508322714,7.030179747719086,100,100,auto,2260.7851635114694,22.604490301887747,3.906823288456118
358,5.966666666666667,2.0,16.947137739638574,15.244380135871722,1058.260586204761,17.728896516169662,57.71558327323949,7.028540735001025,100,100,auto,2252.581237693912,22.584689567919874,3.8990096418792057
359,5.983333333333333,2.0,16.666400420771293,15.103305159678946,1049.568481006837,17.709240338404793,57.5884274405071,7.026790050327799,100,100,auto,2244.4183315054424,22.563975555904854,3.8912116225954474
360,6.0,2.0,16.97940318901217,10.361995543135698,1041.0083670359923,17.695738351141028,57.46254316610202,7.021179577706736,100,100,auto,2236.2962398479153,22.54442955262073,3.8834291993502563
361,6.016666666666667,2.0,17.594888436873383,11.323011542898753,1032.5782399810012,17.693872627727078,57.337917734441,7.016363376104795,100,100,auto,2228.214758648676,22.527106158715615,3.8756623409515556
362,6.033333333333333,2.0,16.871727601537447,14.834684290082478,1024.2761259664749,17.67866294474257,57.21453855709659,7.0144181698852455,100,100,auto,2220.1736848554324,22.50731233376549,3.8679110162696526
363,6.05,2.0,17.386310253685267,12.059792363593804,1016.1000810906877,17.67325441995801,57.09239317152562,7.010215831026922,100,100,auto,2212.1728164311553,22.48938882648521,3.8601751942371134
364,6.066666666666666,2.0,16.49880557092552,11.863815163592795,1008.0481909704217,17.65152711625091,56.97146923981037,7.0058622117203875,100,100,auto,2204.2119523489996,22.46842178509075,3.8524548438486392
365,6.083333333333333,2.0,17.218362102821718,12.680035433008184,1000.1185702927228,17.64351356350247,56.85175454741226,7.002182368020139,100,100,auto,2196.290892587255,22.45004657620281,3.844749934160942
366,6.1,2.0,17.101069637367658,12.493436554717173,992.3093623734629,17.633478350868977,56.73323700193814,6.998357840476832,100,100,auto,2188.4094381243185,22.431325156916884,3.8370604342926202
367,6.116666666666666,2.0,17.09951792299484,12.56413601511235,984.6187387226066,17.623600082953306,56.61590463191876,6.994598568956341,100,100,auto,2180.567390933697,22.412663831598156,3.829386313424035
368,6.133333333333334,2.0,16.24782140303082,12.624167677302417,977.0448986160782,17.59814817737474,56.49974558559957,6.9908957306666,100,100,auto,2172.7645539790283,22.391086883098172,3.821727540797187
369,6.15,2.0,17.259963436421973,13.769316047026765,969.5860686741303,17.59189175966711,56.38474812974357,6.988133381910252,100,100,auto,2165.000731209133,22.373127951034807,3.8140840857155927
370,6.166666666666667,2.0,17.408278972801075,14.028408673675745,962.2405024461157,17.58849492311009,56.27090064844614,6.98558767036202,100,100,auto,2157.275727553087,22.35575097961099,3.8064559175441617
371,6.183333333333334,2.0,16.289052586889913,11.166907688092683,955.0064800015635,17.56445523989002,56.15819164196168,6.9807154568412235,100,100,auto,2149.589348915322,22.334517535236465,3.7988430057090734
372,6.2,2.0,16.984880163127986,14.348506854538314,947.8823075274657,17.55373310096992,56.04660972554206,6.978445401883091,100,100,auto,2141.9414021707453,22.315793804434087,3.7912453196976554
373,6.216666666666667,2.0,16.53247825198914,11.971314057978036,940.8663169316783,17.534839886263775,55.93614362828664,6.974242915126566,100,100,auto,2134.3316951598918,22.29555220000053,3.7836628290582603
374,6.233333333333333,2.0,16.565169215563767,14.087706491305202,933.9568654523454,17.516900978855826,55.826782192003776,6.971773301252191,100,100,auto,2126.7600366840925,22.275495859555,3.776095503400144
375,6.25,2.0,16.443843405403754,15.382993018584141,927.1523352732542,17.497049413746964,55.71851437008374,6.970364045257422,100,100,auto,2119.226236500672,22.25508507596547,3.768543312393344
376,6.266666666666667,2.0,17.322983293897604,9.353577855119592,920.4511331450307,17.493829190529752,55.6113292263829,6.964044750974782,100,100,auto,2111.7301053181686,22.237822719728236,3.7610062257685573
377,6.283333333333333,2.0,16.747157339142785,12.127298423969906,913.8516900120876,17.48001576127909,55.50521593411907,6.959998163892363,100,100,auto,2104.271454791578,22.218605390896187,3.7534842133170203
378,6.3,2.0,16.72504266908053,15.410654888842561,907.3524606452373,17.46604875907342,55.40016377477788,6.9586349974740065,100,100,auto,2096.8500975176203,22.19937792136983,3.745977244890386
379,6.316666666666666,2.0,16.6686800779892,11.981280295673013,900.9519232798838,17.45129743847336,55.2961621370301,6.954480252164421,100,100,auto,2089.4658470300324,22.180020478918,3.738485290400605
380,6.333333333333333,2.0,17.387457879232922,14.317903359225117,894.6485792597077,17.450116406627416,55.193200515659804,6.952237731434275,100,100,auto,2082.1185177948823,22.1632465098191,3.731008319819804
381,6.35,2.0,16.816037754644967,14.222458475794506,888.440952685764,17.438385951565742,55.091268510503205,6.949921925840573,100,100,auto,2074.807925205908,22.14453127917599,3.7235463031801643
382,6.366666666666666,2.0,16.896483339860907,10.267853140262217,882.3275900709061,17.4283607532492,54.990355825398176,6.94438848084392,100,100,auto,2067.533885579878,22.126163111388387,3.716099210573804
383,6.383333333333334,2.0,17.271076847111143,13.366555339120863,876.307059999459,17.425451000985646,54.89045226714419,6.941390971195591,100,100,auto,2060.296216151979,22.109170309463416,3.7086670121526564
384,6.4,2.0,17.30750323447565,12.897601534637255,870.3779527920599,17.423268967305212,54.79154774447275,6.9380173460592,100,100,auto,2053.094735071219,22.092364474700958,3.701249678128351
385,6.416666666666667,2.0,16.792478089554365,10.305006533110758,864.5388801755879,17.41159933606682,54.69363226702802,6.932537983357024,100,100,auto,2045.929261395863,22.073814872352944,3.6938471787720943
386,6.433333333333334,2.0,17.891688652870766,13.919660191876423,858.7884749581068,17.42048098842769,54.59669594435774,6.93001485273184,100,100,auto,2038.7996150888837,22.059177430584757,3.68645948441455
387,6.45,2.0,17.458968009000916,11.228766999950249,853.125390708743,17.421192998308296,54.50072898491416,6.925304188730038,100,100,auto,2031.7056170134392,22.043076697609212,3.6790865654457208
388,6.466666666666667,2.0,16.59691318257866,13.688727428533076,847.5483014424251,17.4059438217173,54.40572169506502,6.922607358257309,100,100,auto,2024.647088928372,22.024015125306605,3.6717283923148294
389,6.483333333333333,2.0,16.9311540118059,13.923537345900689,842.0559013094105,17.39716021023394,54.311664478114366,6.920107248044862,100,100,auto,2017.6238534837303,22.006190111409353,3.6643849355301996
390,6.5,2.0,17.145984664762505,13.735586929059913,836.6469042895269,17.392513462642718,54.218547833333226,6.917458993268747,100,100,auto,2010.6357342163117,21.989179392346088,3.657056165659139
391,6.516666666666667,2.0,16.84215431077358,12.885729426030949,831.3200438910563,17.38233181833314,54.12636235499989,6.914123558518234,100,100,auto,2003.6825555452301,21.971164804560583,3.649742053327821
392,6.533333333333333,2.0,16.001741074473863,9.850022545382608,826.0740728541922,17.35679088957174,54.03509873144989,6.908321255697436,100,100,auto,1996.764142767504,21.95027182150528,3.6424425692211653
393,6.55,2.0,17.042450145241844,13.07510390905202,820.9077628589989,17.35097558580164,53.94474774413539,6.905158401556379,100,100,auto,1989.8803220536663,21.933094445638357,3.635157684082723
394,6.566666666666666,2.0,16.980995416934235,11.8986539508885,815.8199042378067,17.34413095267759,53.85530026669404,6.901043284268805,100,100,auto,1983.030920443398,21.91576209903789,3.6278873687145574
395,6.583333333333333,2.0,16.881314903204892,12.064891977494874,810.8093056919733,17.335568855762347,53.766747264027096,6.897071850422671,100,100,auto,1976.2157658411809,21.898141533852478,3.6206315939771283
396,6.6,2.0,16.52911502974832,14.419117323296652,805.8747940129471,17.320649459981087,53.679079791386826,6.895026617133401,100,100,auto,1969.434687011975,21.879349941088112,3.613390330789174
397,6.616666666666666,2.0,16.800811808780367,13.279567230560929,801.0152138075653,17.31103246343387,53.592288993472955,6.892056952012925,100,100,auto,1962.687513576915,21.861575057625036,3.606163550127596
398,6.633333333333334,2.0,16.99357794820679,10.8889590578846,796.2294272275244,17.30515955490217,53.50636610353823,6.887145323267175,100,100,auto,1955.9740760090306,21.84453706774207,3.5989512230273406
399,6.65,2.0,16.83171626006349,12.796195887150109,791.5163137029583,17.296400853947652,53.42130244250284,6.883797562602763,100,100,auto,1949.2942056289853,21.826992194915196,3.5917533205812857
400,6.666666666666667,2.0,16.738597245167973,13.913195009742704,786.8747696800615,17.28608148718523,53.33708941807782,6.881366644892903,100,100,auto,1942.6477346008403,21.80918281259108,3.584569813940123
401,6.683333333333334,2.0,16.19523508917612,13.649904982081715,782.3037083626976,17.26590082882206,53.253718523897035,6.878726056403332,100,100,auto,1936.0344959278361,21.789533995559125,3.577400674312243
402,6.7,2.0,16.32018547158877,13.46455796135251,777.8020594579308,17.24840509471324,53.171181338658066,6.875939725592368,100,100,auto,1929.4543234481969,21.770391275725228,3.570245872963618
403,6.716666666666667,2.0,16.871821130176095,9.111776882241639,773.3687689254215,17.241438291369306,53.08946952527148,6.869612256934121,100,100,auto,1922.9070518309559,21.753246280215805,3.563105381217691
404,6.733333333333333,2.0,17.036665377894106,12.544832465705117,769.002798730628,17.237649992470015,53.008574830018766,6.86609474776268,100,100,auto,1916.392516571801,21.73673824705768,3.5559791704552555
405,6.75,2.0,16.284568732381217,11.180427821600096,764.7031266017555,17.22001798915837,52.92848908171858,6.861472536492162,100,100,auto,1909.910553988942,21.717655653756314,3.5488672121143447
406,6.766666666666667,2.0,17.023125250278547,12.997403475662184,760.4687457903955,17.216375473489098,52.849204190901396,6.858340068325273,100,100,auto,1903.4610012189974,21.701224797344143,3.541769477690116
407,6.783333333333333,2.0,16.895517918360277,14.009659645594725,756.2986648358005,17.210439608719213,52.77071214899238,6.856038666418366,100,100,auto,1897.0436962129024,21.6844048232677,3.534685938734736
408,6.8,2.0,17.01309411568338,13.340678105653247,752.1919073327384,17.20678871709805,52.69300502750246,6.853196771245691,100,100,auto,1890.6584777318378,21.668055235791154,3.5276165668572665
409,6.816666666666666,2.0,16.791481266950147,11.904207357120274,748.1475117028709,17.199105529270312,52.616074977227434,6.849190102216409,100,100,auto,1884.3051853431787,21.65098722690021,3.520561333723552
410,6.833333333333333,2.0,16.603059421893825,13.17806664519718,744.1645309696052,17.188078676283848,52.53991422745516,6.846229405945099,100,100,auto,1877.9836594164628,21.63331947958269,3.5135202110561052
411,6.85,2.0,16.050669854223138,12.498256079121013,740.242032536363,17.167036613075727,52.46451508518061,6.842720711345826,100,100,auto,1871.6937411193805,21.61378020589393,3.506493170633993
412,6.866666666666666,2.0,16.491056904138937,15.449669638940813,736.3790979682183,17.154530988460394,52.3898699343288,6.841623889628938,100,100,auto,1865.4352724137837,21.59585067433779,3.4994801842927252
413,6.883333333333334,2.0,16.307430060547958,11.973730289200388,732.574822776849,17.138859621294014,52.31597123498551,6.837697014677917,100,100,auto,1859.2080960517146,21.577341202189526,3.49248122392414
414,6.9,2.0,16.41576309984334,11.484229078192264,728.8283162087562,17.125482335647177,52.242811522635655,6.8333791406382,100,100,auto,1853.0120555714561,21.559275678831316,3.4854962614762917
415,6.916666666666667,2.0,16.921680482525986,12.407403351148945,725.1387010366973,17.121712001364436,52.1703834074093,6.8298221184208225,100,100,auto,1846.8469952935989,21.543044095644248,3.478525268953339
416,6.933333333333334,2.0,15.997107508173556,13.978808069913494,721.5051133542881,17.100906818240404,52.098679573335204,6.8275526140928,100,100,auto,1840.712760317131,21.5236333175881,3.4715682184154324
417,6.95,2.0,16.01524635130089,13.569279294009702,717.9267023737231,17.080822099602024,52.02769277760185,6.824953958659734,100,100,auto,1834.6091965155454,21.504353963206096,3.4646250819786015
418,6.966666666666667,2.0,16.680214060965685,12.386881694767565,714.4026302265665,17.073410850887253,51.95741584982583,6.82139706545667,100,100,auto,1828.5361505329677,21.487469473548256,3.4576958318146445
419,6.983333333333333,2.0,16.272771089906932,14.608955833429416,710.9320717675705,17.05859901530912,51.88784169132757,6.819657864967811,100,100,auto,1822.4934697803028,21.46921802920551,3.450780440151015
420,7.0,2.0,16.12433669323404,14.234327159832059,707.5142143814703,17.04131516235073,51.818963274414294,6.817616889886627,100,100,auto,1816.4810024314013,21.45051094452961,3.443878879270713
421,7.016666666666667,2.0,15.624185855382818,11.11447533324744,704.1482577927146,17.015098270171823,51.75077364167015,6.813037895267278,100,100,auto,1810.4985974192443,21.430118806717598,3.4369911215121713
422,7.033333333333333,2.0,16.669413262639434,12.758343813796008,700.8334138780845,17.008703097532475,51.68326590525345,6.809807507028725,100,100,auto,1804.546104432148,21.413456337313324,3.430117139269147
423,7.05,2.0,16.67208027180202,14.078033860955786,697.568906482158,17.00247557525646,51.61643324620091,6.807658882568038,100,100,auto,1798.6233739099873,21.396861521084034,3.4232569049906085
424,7.066666666666666,2.0,16.185165384049416,13.390096453474218,694.8911184712695,16.98968467076407,51.550268913738904,6.8028810284621954,90,90,auto,1792.7302570404374,21.378620584604413,3.4164103911806274
425,7.083333333333333,2.0,17.026925662280522,12.789152988795676,692.7247800325819,16.990172527752936,51.484766224601515,6.795944572852761,80,80,auto,1786.8666057552352,21.36338965237628,3.409577570398266
426,7.1,2.0,16.664178393250143,13.679398102957553,691.0000574617007,16.98663549139358,51.4199185623555,6.787814310060755,70,70,auto,1781.032272726459,21.34694241296934,3.4027584152574697
427,7.116666666666666,2.0,15.98184203365319,11.460241252829272,689.6513902970327,16.97769282961969,51.35571937673194,6.77760035220813,60,60,auto,1775.2271113628267,21.328164561641735,3.395952898426955
428,7.133333333333334,2.0,16.137005569338925,13.392728025648497,688.6165210091431,16.971597846982654,51.292162182964624,6.766773299805235,50,50,auto,1769.4509758060126,21.309995505168676,3.389160992630101
429,7.15,2.0,16.047330242800356,12.026502063047422,687.8356929624529,16.966144668117977,51.22924056113498,6.754807652733843,40,40,auto,1763.7037209269824,21.291576176750386,3.3823826706448408
430,7.166666666666667,2.0,16.425842782693966,13.271733893789143,687.2509984457583,16.96352420397367,51.16694815552363,6.74227129791392,30,30,auto,1757.9852023223475,21.27454610987119,3.375617905303551
431,7.183333333333334,2.0,15.644566248403763,14.323026412650401,686.8058634171257,16.958116476355833,51.10527867396839,6.729253579882652,20,20,auto,1752.2952763107357,21.254841180356053,3.368866669492944
432,7.2,2.0,15.854738138385052,12.09842467444987,686.4310720931292,16.954006392046892,51.044225887228706,6.715942942357796,15,10,auto,1746.633799929182,21.235940819709153,3.362128936153958
433,7.216666666666667,2.0,16.83415298691792,12.69001600466855,686.0785643591008,16.953573421620863,50.98378362835642,6.702588606570887,15,5,auto,1741.000630929536,21.220534562294382,3.35540467828165
434,7.233333333333333,2.0,16.046932190251695,12.292813821528053,685.7278460914167,16.950298180172542,50.92394579207286,6.689258552108877,15,5,auto,1735.3956277748885,21.202426953992234,3.348693868925087
435,7.25,2.0,15.61791211613414,9.844984014121858,685.3789082060499,16.945484935516202,50.86470633415213,6.675940198795857,15,5,auto,1729.818649636014,21.182881152059732,3.3419964811872367
436,7.266666666666667,2.0,16.376740394832957,12.557733763459975,685.0317416650872,16.943430345862982,50.80605927081061,6.662665060104597,15,5,auto,1724.269556387834,21.166059659409438,3.3353124882248624
437,7.283333333333333,2.0,16.489835982371847,11.93516334875223,684.6863374764957,16.94179173622487,50.7479986781025,6.649412667093741,15,5,auto,1718.748208605895,21.149692876539806,3.3286418632484125
438,7.3,2.0,16.11863936868976,12.716489309762972,684.3426866938894,16.93881809829715,50.69051869132147,6.636191553638668,15,5,auto,1713.2544675628653,21.13208418926233,3.321984579521916
439,7.316666666666666,2.0,15.710441491414278,10.350146992198075,684.0007804162975,16.934380587804785,50.63361350440826,6.622982421429677,15,5,auto,1707.788195225051,21.11310843981986,3.315340610362872
440,7.333333333333333,2.0,16.082809658378224,10.513233701487449,683.6606097879343,16.931304287822233,50.577277369364175,6.609800704126105,15,5,auto,1702.3492542489257,21.095502394084814,3.3087099291421462
441,7.35,2.0,15.615702874326463,12.298462867701716,683.3221659979691,16.926551677715977,50.521504595670535,6.596656259990933,15,5,auto,1696.937507977681,21.07632309576566,3.3020925092838618
442,7.366666666666666,2.0,15.312905197084898,13.096778984120638,682.9854402802989,16.920722379804698,50.46628954971383,6.583542983342521,15,5,auto,1691.5528204377927,21.056151133120277,3.295488324265294
443,7.383333333333334,2.0,15.706999486306955,14.623440040721702,682.6504239133204,16.916337805851935,50.41162665421669,6.570465262842751,15,5,auto,1686.1950563356038,21.03742910235643,3.2888973476167633
444,7.4,2.0,15.89243434643707,12.931998406731951,682.3171082197049,16.912638954604798,50.35751038767452,6.557403361196217,15,5,auto,1680.8640810539257,21.019421620710713,3.2823195529215297
445,7.416666666666667,2.0,16.20759982349861,11.91740897601735,681.9854845661729,16.910092000743678,50.30393528379778,6.544361383084233,15,5,auto,1675.559760648656,21.00258024442047,3.2757549138156867
446,7.433333333333334,2.0,15.748565804781578,12.46052706080266,681.655544363271,16.905895987360765,50.2508959309598,6.531348807983436,15,5,auto,1670.2819618454128,20.984191193881735,3.2692034039880555
447,7.45,2.0,15.740908163958483,10.790974302940366,681.3272790651491,16.901687468848724,50.1983869716502,6.518352055210432,15,5,auto,1665.0305520361858,20.965839703277002,3.2626649971800794
448,7.466666666666667,2.0,15.187605951574973,11.998587790757723,681.0006801693393,16.89549534936757,50.1464031019337,6.505388675803177,15,5,auto,1659.805399276005,20.945615885146044,3.2561396671857192
449,7.483333333333333,2.0,15.456322909850886,9.230237212310893,680.6757392165351,16.890296338929815,50.094939070914364,6.492434305456757,15,5,auto,1654.6063722796248,20.92640335973251,3.2496273878513477
450,7.5,2.0,15.272001229899889,14.200419249460708,680.3524477903734,16.884450247848445,50.04398968020522,6.479536217185702,15,5,auto,1649.4333404182266,20.906612952278095,3.243128133075645
451,7.516666666666667,2.0,15.602080647222532,10.495976927486314,680.0307975172153,16.879817687666186,49.99354978340317,6.466641286832553,15,5,auto,1644.2861737161354,20.8880470892104,3.236641876809494
452,7.533333333333333,2.0,15.251137682439857,14.621956590023856,679.7107800659301,16.873934081147304,49.94361428556913,6.453797360660271,15,5,auto,1639.1647428475546,20.868317906286702,3.230168593055875
453,7.55,2.0,15.162397104661954,11.795485903358548,679.3923871476787,16.86775115381975,49.89417814271344,6.440961849463916,15,5,auto,1634.068919133317,20.848347183481014,3.2237082558697634
454,7.566666666666666,2.0,16.077432362502353,10.571689261982149,679.0756105156999,16.864896127186118,49.84523636128631,6.4281445305327,15,5,auto,1628.9985745376505,20.83164898160759,3.217260839358024
455,7.583333333333333,2.0,15.042453022035826,10.150547245665226,678.7604419650959,16.858312551468764,49.79678399767345,6.415350272593692,15,5,auto,1623.9535816649623,20.811386795749087,3.210826317679308
456,7.6,2.0,15.425950527697495,14.527094341977243,678.4468733326203,16.85313814365789,49.748816157696716,6.40260834873615,15,5,auto,1618.9338137566374,20.792537768810906,3.2044046650439495
457,7.616666666666666,2.0,14.130488484648486,13.106064371782864,678.1348964964665,16.84330257176472,49.70132799611975,6.389883224654283,15,5,auto,1613.9391446878542,20.769220596316337,3.1979958557138617
458,7.633333333333334,2.0,15.17251459352041,11.251275652900205,677.8245033760574,16.837266850193313,49.65431471615855,6.3771722160006306,15,5,auto,1608.9694489644148,20.74963212530655,3.191599864002434
459,7.65,2.0,14.976299790646225,12.310999443373172,677.5156859318358,16.8305441066907,49.60777156899697,6.364493105454117,15,5,auto,1604.0246017195927,20.72942546213524,3.1852166642744293
460,7.666666666666667,2.0,15.480707736191603,12.10647276710042,677.2084361650568,16.82566782280227,49.561693853307,6.351838103243452,15,5,auto,1599.1044787109947,20.711054950094436,3.1788462309458803
461,7.683333333333334,2.0,14.853165447417151,11.293788566292477,676.90274611758,16.818542157971194,49.516076914773926,6.3392034446337595,15,5,auto,1594.2089563174397,20.690552336835065,3.1724885384839885
462,7.7,2.0,15.162857470869733,11.68584489618957,676.5986078716637,16.812560997039043,49.470916145626184,6.32659645124108,15,5,auto,1589.3379115358525,20.671205404804187,3.1661435614070204
463,7.716666666666667,2.0,15.04544066692551,11.228395035275799,676.2960135497597,16.806177274846508,49.42620698416992,6.314011876308259,15,5,auto,1584.4912219781734,20.651515228221612,3.1598112742842064
464,7.733333333333333,2.0,15.0963711514773,12.448804175237608,675.9949553143091,16.800000600225836,49.38194491432822,6.301459928581158,15,5,auto,1579.6687658682824,20.632072223953006,3.153491651735638
465,7.75,2.0,15.813691204740662,14.127319452555952,675.6954253675399,16.796437557534645,49.33812546518494,6.288943342342873,15,5,auto,1574.8704220389411,20.61520789038576,3.1471846684321667
466,7.766666666666667,2.0,14.692578668259223,13.202352001952894,675.3974159512644,16.788837367297138,49.29474421053309,6.2764461366981985,15,5,auto,1570.0960699287464,20.594478688108317,3.1408902990953025
467,7.783333333333333,2.0,14.616811894547244,12.24329423621002,675.1009193466784,16.78099092527683,49.25179676842776,6.263968064556246,15,5,auto,1565.3455895791026,20.573556854330853,3.134608518497112
468,7.8,2.0,15.041310460693241,14.093369495838072,674.8059278741616,16.774706329598523,49.20927880074348,6.251526254574053,15,5,auto,1560.618861631207,20.55419399195312,3.1283393014601177
469,7.816666666666666,2.0,14.97977339519872,13.581222041198956,674.5124338930782,16.768222134373,49.167186012736046,6.2391061984218235,15,5,auto,1555.9157673230509,20.53468351986448,3.1220826228571976
470,7.833333333333333,2.0,14.493674341412339,9.707019690523316,674.2204298015793,16.760005330470932,49.12551415260869,6.226687306700866,15,5,auto,1551.2361884864356,20.513539987739897,3.115838457611483
471,7.85,2.0,15.353065246152786,9.621168712970722,673.929908036406,16.75492275941633,49.0842590110826,6.214292728118488,15,5,auto,1546.5800075440034,20.49547832614434,3.10960678069626
472,7.866666666666666,2.0,14.786099395803333,10.138928701441493,673.6408610726934,16.74781038501528,49.043416420971774,6.201926102782092,15,5,auto,1541.9471075062834,20.475495499888147,3.1033875671348676
473,7.883333333333334,2.0,15.040095325630105,14.49516611023585,673.3532814237758,16.741641264363253,49.00298225676205,6.189610832147202,15,5,auto,1537.337371968752,20.456471599278245,3.097180792000598
474,7.9,2.0,14.958968484075049,10.076512633720219,673.0671616409926,16.73520135894446,48.962952434194435,6.177293189171225,15,5,auto,1532.7506851089083,20.437230338375034,3.0909864304165966
475,7.916666666666667,2.0,14.363333347529386,11.112559428102038,672.7824943134956,16.726632985753227,48.92332290985249,6.165006512878277,15,5,auto,1528.1869316833638,20.415971698907075,3.0848044575557636
476,7.933333333333334,2.0,14.948036305502166,11.945869748367814,672.4992720680569,16.720207805245817,48.88408968075396,6.152749502389871,15,5,auto,1523.645997024947,20.39683392503016,3.078634848640652
477,7.95,2.0,14.389951838271461,9.098541861293675,672.2174875688781,16.71178975556512,48.84524878394642,6.1404996055853545,15,5,auto,1519.1277670398224,20.375809837726504,3.0724775789433707
478,7.966666666666667,2.0,14.222782425567479,11.886153669430067,671.9371335174001,16.702798216585506,48.80679629610695,6.128291243979942,15,5,auto,1514.6321282046233,20.354274241783948,3.0663326237854838
479,7.983333333333333,2.0,14.941632753845585,9.880145185880684,671.6582026521138,16.69643600635136,48.76872833314588,6.116095040157007,15,5,auto,1510.1589675636003,20.335329996576164,3.060199958537913
